Product Name,Total_Sales,Total_Profit,Total_Quantity
"Apple Smart Phone, Full Size",86935.7786,5921.5786,171
"Cisco Smart Phone, Full Size",76441.5306,17238.5206,139
"Motorola Smart Phone, Full Size",73156.303,17027.113,134
"Nokia Smart Phone, Full Size",71904.5555,9938.1955,147
Canon imageCLASS 2200 Advanced Copier,61599.82399999999,25199.927999999996,20
"Hon Executive Leather Armchair, Adjustable",58193.484099999994,5997.254100000002,169
"Office Star Executive Leather Armchair, Adjustable",50661.683999999994,4710.984,141
"Harbour Creations Executive Leather Armchair, Adjustable",50121.516,10427.326000000001,142
"Samsung Smart Phone, Cordless",48653.460000000014,-198.09000000000128,108
"Nokia Smart Phone, with Caller ID",47877.7857,9465.325699999998,96
"Samsung Smart Phone, VoIP",45406.328,3903.8579999999993,97
"Cisco Smart Phone, with Caller ID",43127.5008,9786.640800000001,85
"SAFCO Executive Leather Armchair, Black",41923.52999999999,7154.280000000002,111
"Cisco Smart Phone, Cordless",41021.524,4020.823999999999,89
"Novimex Executive Leather Armchair, Adjustable",40585.133599999994,5562.353600000001,124
"Sauder Classic Bookcase, Traditional",39108.303,10672.073,113
"Motorola Smart Phone, Cordless",38931.042,-4447.0380000000005,74
"Novimex Executive Leather Armchair, Red",38814.801999999996,1450.3720000000005,118
"Eldon File Cart, Single Width",34387.7287,4238.8886999999995,321
"Hoover Stove, White",32842.6043,-2180.6257000000005,81
"Harbour Creations Executive Leather Armchair, Black",32230.739199999993,3240.1492000000007,100
"Hoover Stove, Red",31663.779000000002,11807.969,62
"Motorola Smart Phone, with Caller ID",30243.549,3943.809,53
"Hewlett Copy Machine, Color",29709.1932,2103.4432000000006,152
"Rogers File Cart, Single Width",29466.3053,2394.8953,262
"Office Star Executive Leather Armchair, Black",29421.6023,1898.2523000000006,89
"Hon Executive Leather Armchair, Black",29244.769599999992,438.91960000000154,86
"Smead Lockers, Industrial",28991.663999999997,3630.4439999999995,187
"Hamilton Beach Stove, Silver",28657.049000000003,5989.749,66
"Novimex Executive Leather Armchair, Black",28629.507499999996,2291.2175,80
"Bush Library with Doors, Metal",28516.714200000002,719.3541999999997,88
"Rogers Lockers, Blue",28214.589200000002,-2893.4908,167
"Safco Classic Bookcase, Mobile",27696.1095,1451.1095000000005,85
Fellowes PB500 Electric Punch Plastic Comb Binding Machine with Manual Bind,27453.384,7753.039,31
"Safco Library with Doors, Pine",27263.7618,3360.8318,89
"Apple Smart Phone, Cordless",27163.646999999997,5450.217,52
"Canon Wireless Fax, Color",26585.7144,2615.2344000000003,97
"Bush Classic Bookcase, Traditional",26535.324,2821.6140000000005,79
"Samsung Smart Phone, with Caller ID",26311.164,6392.6140000000005,50
"Safco Classic Bookcase, Traditional",26230.58,2073.48,80
"Brother Copy Machine, Color",26226.93006,6520.0500600000005,125
"Nokia Smart Phone, Cordless",25658.050000000003,5639.889999999999,46
"SAFCO Executive Leather Armchair, Red",25640.127,-1833.1729999999993,76
"Dania Classic Bookcase, Pine",25630.494599999998,6565.0145999999995,88
"Smead File Cart, Single Width",25397.1708,-237.66919999999956,250
"Safco Classic Bookcase, Metal",25276.353600000002,5416.1536000000015,75
"Office Star Executive Leather Armchair, Red",25213.988,4677.0779999999995,68
"Ikea Classic Bookcase, Metal",25055.0253,735.5253000000002,80
"Smead Lockers, Blue",24776.044,610.2639999999994,158
"SAFCO Executive Leather Armchair, Adjustable",24210.4384,-862.1815999999998,72
"Sauder Classic Bookcase, Pine",24075.567,4267.767,73
"Brother Wireless Fax, Laser",23905.183860000005,4000.643859999999,86
"Hewlett Wireless Fax, High-Speed",23810.56914,8677.93914,75
"Bush Classic Bookcase, Metal",23540.063000000002,5871.783000000001,72
"Harbour Creations Executive Leather Armchair, Red",23517.0012,5252.4412,68
"Belkin Router, USB",23470.408000000003,8955.018,110
"Hewlett Wireless Fax, Color",23265.94574,5054.20574,74
"Sauder Classic Bookcase, Metal",23194.97,4043.4499999999994,69
"Okidata Inkjet, Wireless",23004.3012,3314.9512,88
"Ikea Classic Bookcase, Traditional",22751.9325,5367.1725,62
Cisco TelePresence System EX90 Videoconferencing Unit,22638.48,-1811.078400000002,6
"Fellowes Lockers, Industrial",22637.436,3339.0359999999996,142
"Ikea Library with Doors, Pine",22536.0688,-277.95120000000037,94
"Brother Fax Machine, High-Speed",22431.5268,4160.926799999999,84
"Canon Fax Machine, High-Speed",22340.48994,2011.58994,82
"HP Copy Machine, Color",22297.32146,6099.50146,110
"Tenex File Cart, Single Width",22113.8622,3952.612199999999,207
"Fellowes Lockers, Single Width",22090.751999999997,588.7020000000005,132
"Hewlett Wireless Fax, Digital",22045.333199999997,5883.1932,66
"KitchenAid Stove, Silver",21966.329,5725.209,46
"Canon Wireless Fax, Laser",21928.95792,7991.54792,66
"Sharp Copy Machine, Color",21914.04312,1633.2331200000006,120
"Memorex Router, Erganomic",21888.594,7468.183999999999,111
HON 5400 Series Task Chairs for Big and Tall,21870.576,3.979039320256561e-13,39
"KitchenAid Refrigerator, Black",21870.033900000002,3443.1639,52
"Ikea Classic Bookcase, Mobile",21804.410999999996,5348.081,65
"Safco Classic Bookcase, Pine",21799.2,-1273.4900000000002,60
"Hewlett Wireless Fax, Laser",21542.57924,1757.6292400000002,73
"Dania Library with Doors, Traditional",21495.152,3263.712,76
"Sharp Wireless Fax, Color",21430.64096,3882.93096,69
"Hamilton Beach Stove, White",21330.944,635.5040000000001,51
"Samsung Smart Phone, Full Size",20993.024,1971.5239999999994,43
"Hewlett Fax Machine, High-Speed",20987.4368,1808.4868000000001,84
"Sharp Wireless Fax, Digital",20745.97784,2505.1178400000003,76
"Fellowes Lockers, Blue",20563.6805,4529.6405,122
"Brother Fax Machine, Laser",20547.31652,5651.47652,75
"Rogers Lockers, Single Width",20493.363999999998,6755.184000000001,114
"Sauder Classic Bookcase, Mobile",20057.4474,4388.6574,58
"Konica Inkjet, Wireless",19911.376,2522.836,76
"Belkin Router, Erganomic",19888.531200000005,1944.971199999999,99
GBC DocuBind TL300 Electric Binding System,19823.479,2233.505099999999,37
"Hon Executive Leather Armchair, Red",19802.771599999996,-392.92839999999944,56
"Tenex Lockers, Wire Frame",19641.8904,2632.150400000001,128
"Memorex Router, USB",19606.818,628.9979999999999,99
"Canon Wireless Fax, High-Speed",19595.71504,1186.2550399999996,63
"KitchenAid Stove, Black",19549.8842,1782.194199999999,50
"Hon Swivel Stool, Black",19536.639600000002,5186.169599999999,158
"Ikea Library with Doors, Mobile",19259.063000000002,763.663,67
"Eldon Lockers, Blue",19255.3236,-2181.0964,123
GBC Ibimaster 500 Manual ProClick Binding System,19024.5,760.9799999999997,48
"Bush Classic Bookcase, Mobile",19021.695999999996,3672.576,55
Hewlett Packard LaserJet 3310 Copier,18839.686,6983.8836,38
"Sharp Fax Machine, Laser",18787.3749,167.54489999999998,77
"Smead Lockers, Wire Frame",18647.6641,-286.9259000000003,112
"Brother Wireless Fax, Color",18479.8965,-585.3235,65
"Breville Refrigerator, Red",18450.0638,2153.3838,44
"HP Designjet T520 Inkjet Large Format Printer - 24"" Color",18374.895,4094.976599999999,12
"Rogers Lockers, Industrial",18300.695,4411.335,104
"Tenex Lockers, Blue",18202.694499999998,1668.1945000000012,114
"HP Fax Machine, Laser",18175.164240000002,5901.08424,70
"Hoover Refrigerator, White",18161.719999999998,1678.08,39
"Ikea Library with Doors, Traditional",18108.935,1165.5550000000003,59
"Sharp Fax Machine, High-Speed",18014.5722,3713.1022000000003,72
GBC DocuBind P400 Electric Binding System,17965.068,-1878.166200000003,27
"Eldon Lockers, Industrial",17825.3415,6485.4615,109
"KitchenAid Refrigerator, Silver",17763.984,4858.014,46
"Dania Library with Doors, Pine",17708.5625,1751.0225000000003,69
"Breville Refrigerator, White",17673.325399999998,3011.1254000000004,41
"Dania Classic Bookcase, Metal",17612.112,2654.8619999999996,51
"HP Wireless Fax, Laser",17577.76772,-465.14228000000026,66
"Canon Fax Machine, Digital",17373.76688,187.16687999999982,72
"Konica Inkjet, White",17328.8514,4457.7214,62
"Memorex Router, Bluetooth",17318.4114,4923.2414,96
"Hamilton Beach Refrigerator, Red",17251.1508,2418.4408000000003,40
"Sharp Wireless Fax, Laser",17234.12096,4815.44096,63
"Brother Wireless Fax, Digital",17153.6247,2984.0247,54
"Tenex Lockers, Single Width",17129.340799999998,-88.57919999999942,100
"SAFCO Executive Leather Armchair, Set of Two",17106.7008,1656.3708000000006,56
High Speed Automatic Electric Letter Opener,17030.311999999998,-262.00480000000084,11
"Brother Fax Machine, Digital",17009.47856,5197.36856,66
"Canon Copy Machine, Color",16956.27712,1625.5971200000004,82
"Dania Library with Doors, Metal",16910.924,780.3039999999999,63
"Harbour Creations Swivel Stool, Red",16864.6356,610.4856000000001,135
"Novimex Swivel Stool, Black",16836.537300000004,673.5372999999997,127
Lexmark MX611dhe Monochrome Laser Printer,16829.900999999998,-4589.973000000004,18
"Bush Classic Bookcase, Pine",16754.414,6510.674000000001,50
"Apple Smart Phone, with Caller ID",16754.023,3196.6229999999996,38
"Smead Lockers, Single Width",16714.120499999997,4540.6305,116
Martin Yale Chadless Opener Electric Letter Opener,16656.2,-1299.1835999999998,22
"Bush Library with Doors, Mobile",16642.308,2660.9879999999994,60
"Ikea Classic Bookcase, Pine",16631.406,-1000.2540000000001,52
"Brother Fax Machine, Color",16477.47676,4148.35676,64
"Fellowes Lockers, Wire Frame",16473.471999999998,4342.022,109
"Epson Inkjet, Wireless",16423.3476,-226.53240000000042,67
"Cuisinart Stove, Red",16364.016,4101.456,40
"Safco Library with Doors, Mobile",16293.942,1014.0820000000008,57
"Hamilton Beach Stove, Black",16148.3578,-397.8521999999992,46
"Cuisinart Stove, Silver",16099.328,2550.998,41
"Sharp Fax Machine, Color",16067.023319999998,-133.66668000000004,65
"Sharp Wireless Fax, High-Speed",16026.76296,2109.34296,51
"Canon Wireless Fax, Digital",16016.9698,3068.5897999999997,49
"Hoover Stove, Black",15893.628,1964.3879999999997,35
Ibico EPK-21 Electric Binding System,15875.916000000001,3345.2823,13
"Sauder Library with Doors, Traditional",15697.7229,-519.8471,47
"Sauder Stackable Bookrack, Pine",15642.198300000002,4272.8983,133
"StarTech Inkjet, Wireless",15639.123500000002,-66.3765000000005,59
"Bush Stackable Bookrack, Pine",15633.668,2480.2079999999996,165
"Riverside Palais Royal Lawyers Bookcase, Royale Cherry Finish",15610.9656,-669.5448000000002,24
"Safco Stackable Bookrack, Pine",15582.401,2495.9410000000003,135
"Fellowes File Cart, Wire Frame",15555.048200000003,1062.1081999999992,145
"HP Fax Machine, High-Speed",15531.50392,165.99392000000003,67
"Bush Library with Doors, Traditional",15260.1504,-205.98960000000025,64
"HP Wireless Fax, Digital",15173.9149,3894.9049,51
"Sauder Library with Doors, Metal",15171.3474,3806.8674,51
"Dania Classic Bookcase, Traditional",15047.508000000002,4543.897999999999,56
"Hon Conference Table, Adjustable Height",15018.8742,-1570.565799999999,29
"Hamilton Beach Refrigerator, Silver",14972.9728,3016.5328000000004,39
"Dania Library with Doors, Mobile",14971.4512,552.4011999999999,56
"Eldon Lockers, Wire Frame",14952.7518,1573.0117999999998,104
"Barricks Conference Table, Fully Assembled",14930.505,1574.6550000000004,21
"Rogers Lockers, Wire Frame",14927.3865,-901.5734999999994,103
"Bevis Conference Table, Fully Assembled",14886.9507,-2443.0892999999996,26
"Fellowes File Cart, Single Width",14811.2034,-1024.2066,138
"Dania Classic Bookcase, Mobile",14794.0464,807.8064000000003,47
"KitchenAid Microwave, Silver",14728.1276,996.7676000000001,59
"Hamilton Beach Refrigerator, Black",14692.0596,-458.1903999999997,37
"Hoover Microwave, White",14674.31,2620.5,58
"HP Copy Machine, Laser",14615.697559999999,2562.89756,74
"Breville Microwave, Red",14539.4049,-142.50509999999946,63
"Sharp Copy Machine, Laser",14449.489919999998,2998.5299200000004,77
"Ikea Library with Doors, Metal",14360.3935,1221.0934999999997,51
"3D Systems Cube Printer, 2nd Generation, Magenta",14299.89,3717.9714000000004,11
"Office Star Swivel Stool, Adjustable",14249.663000000002,-1673.2370000000003,118
"Enermax Router, Erganomic",14231.138400000002,1689.8783999999996,71
"Cuisinart Refrigerator, Black",14221.137,2151.797000000001,39
"Hewlett Fax Machine, Laser",14146.43584,3664.08584,58
"HP Fax Machine, Digital",14043.112079999999,-600.8479199999999,58
"SanDisk Router, Bluetooth",14007.818499999998,4326.878500000001,81
"Rogers File Cart, Industrial",13953.736000000003,105.29599999999957,126
"Sharp Fax Machine, Digital",13947.334139999999,-1455.74586,62
Samsung Galaxy Mega 6.3,13943.668000000001,1822.7566000000004,39
"Cisco Signal Booster, VoIP",13915.872,2082.292,110
"Chromcraft Computer Table, with Bottom Storage",13829.1036,70.02359999999999,43
"Chromcraft Conference Table, with Bottom Storage",13700.918999999998,-1850.3309999999992,22
"Smead File Cart, Industrial",13666.039999999999,2259.16,128
"Breville Microwave, White",13598.1975,2809.027500000001,57
"Hamilton Beach Refrigerator, White",13586.161999999997,2404.5520000000006,37
"KitchenAid Stove, Red",13474.545000000002,1223.6249999999995,31
"KitchenAid Refrigerator, White",13446.6048,1130.4648000000004,37
"Harbour Creations Swivel Stool, Set of Two",13355.563,2632.3630000000003,92
"Sauder Floating Shelf Set, Pine",13323.24,1471.05,95
"Breville Stove, Red",13140.036,2515.416,28
"Canon Copy Machine, Laser",13033.426040000002,1515.1060400000001,64
"HP Wireless Fax, Color",13010.7204,1759.3104,47
Apple iPhone 5,12996.6,1611.5784000000008,24
Bretford Rectangular Conference Table Tops,12995.2915,-327.2330999999991,46
Global Troy Executive Leather Low-Back Tilter,12975.382000000001,951.8619999999999,32
"Logitech Router, USB",12959.845700000002,2906.3557,67
"Hewlett Copy Machine, Laser",12926.23898,-573.5810200000001,65
"Tenex Lockers, Industrial",12905.332,1329.8920000000003,86
"Cisco Audio Dock, Full Size",12898.1536,1278.5536,84
"Belkin Router, Bluetooth",12877.125,345.64500000000004,59
"Okidata Printer, White",12867.7311,-932.6889000000003,58
"Smead File Cart, Blue",12840.0531,-1380.9969,137
"Rogers File Cart, Blue",12833.793000000003,144.26299999999978,114
"Eldon Lockers, Single Width",12826.511999999999,1248.382,86
"Lesro Conference Table, with Bottom Storage",12777.942000000001,154.0820000000012,24
"Eldon File Cart, Industrial",12733.581000000002,447.9009999999999,127
"KitchenAid Microwave, Red",12712.776,1879.136,47
"Hewlett Fax Machine, Color",12680.008639999998,2358.45864,46
"Brother Wireless Fax, High-Speed",12649.43952,1044.5995199999998,47
"Dania Stackable Bookrack, Pine",12629.124,1939.784,126
"Enermax Router, Bluetooth",12577.2266,1180.1266,64
"Samsung Audio Dock, Cordless",12465.2584,2327.7784,89
"Cuisinart Stove, Black",12432.086400000002,2215.2264,32
"Ikea Floating Shelf Set, Traditional",12397.913,-1033.027,94
"SAFCO Swivel Stool, Set of Two",12395.505,2465.355,87
"Motorola Audio Dock, VoIP",12314.5036,864.9236000000001,94
"HP Wireless Fax, High-Speed",12299.19756,2091.3975600000003,45
"Logitech Router, Bluetooth",12264.5988,-1415.6412000000003,69
"Harbour Creations Swivel Stool, Adjustable",12236.696100000001,-75.75390000000021,97
"Canon Copy Machine, Digital",12183.764760000002,-861.7952400000003,58
"Sauder Library with Doors, Pine",12181.557,896.6670000000001,37
"Novimex Swivel Stool, Red",12153.594000000001,2660.734,100
"Nokia Audio Dock, VoIP",12043.4577,1522.0577,92
"Hoover Microwave, Red",12036.96,1258.44,43
"Apple Audio Dock, VoIP",12014.767600000001,1317.3475999999998,91
"Safco Library with Doors, Traditional",11997.7362,-1972.9038000000003,47
"Sharp Copy Machine, High-Speed",11961.5412,875.5812000000002,67
"HP Copy Machine, High-Speed",11946.65856,1113.74856,61
"Cuisinart Stove, White",11906.957900000001,106.88789999999972,27
"Office Star Swivel Stool, Red",11903.294,1265.404,84
"Panasonic Inkjet, Red",11874.815999999999,247.11599999999999,45
"Sauder Floating Shelf Set, Metal",11848.729200000002,2272.0692,73
"Hoover Refrigerator, Red",11761.911,3055.561,29
"Safco Library with Doors, Metal",11759.2425,-525.9374999999998,39
"Sauder Library with Doors, Mobile",11669.386499999999,662.6865000000003,44
"Office Star Rocking Chair, Adjustable",11630.218,-949.1520000000003,127
"Safco Floating Shelf Set, Pine",11623.9212,486.8712000000001,73
Canon PC1060 Personal Laser Copier,11619.834000000003,4570.9347,19
"Hamilton Beach Microwave, White",11587.103,-692.6569999999999,50
SAFCO Arco Folding Chair,11572.779999999999,1179.3739999999991,53
"Hewlett Fax and Copier, Laser",11536.06902,1410.26902,80
"Hamilton Beach Stove, Red",11515.686,3552.216,26
"Breville Stove, Silver",11511.9506,1084.8706,23
"Canon Copy Machine, High-Speed",11415.041200000001,1523.5412000000001,56
"Fellowes File Cart, Blue",11350.960000000001,3073.7400000000002,104
"Okidata Inkjet, White",11329.500000000002,-144.1200000000005,42
Honeywell Enviracaire Portable HEPA Air Cleaner for 17' x 22' Room,11304.44,3247.0199999999995,40
"Breville Refrigerator, Silver",11285.735999999999,3062.9159999999997,26
"KitchenAid Microwave, White",11246.451599999999,2784.6216,39
"Brother Fax and Copier, Color",11240.35904,1303.60904,73
"Bevis Computer Table, Fully Assembled",11177.896200000001,-3509.5638,43
"Bevis Wood Table, with Bottom Storage",11134.661999999998,-2782.587999999999,34
"Brother Ink, Color",11132.59404,2752.09404,92
Cubify CubeX 3D Printer Double Head Print,11099.963,-8879.970400000002,9
"Sauder Corner Shelving, Pine",11059.56,1232.96,91
"Hon Rocking Chair, Set of Two",11058.3272,-57.47280000000002,117
"Breville Refrigerator, Black",11058.234,2638.364,28
DMI Eclipse Executive Suite Bookcases,11046.609,90.17639999999929,27
"SanDisk Router, USB",11034.6456,3244.5355999999997,56
"Lesro Conference Table, Rectangular",11002.93,860.6300000000001,23
"Canon Fax Machine, Laser",10926.72028,1869.96028,42
Tennsco 6- and 18-Compartment Lockers,10925.004,1575.109799999999,43
"Lesro Conference Table, Adjustable Height",10919.079,163.02900000000034,20
"Sauder 3-Shelf Cabinet, Mobile",10835.004,2118.7439999999997,90
Plantronics CS510 - Over-the-Head monaural Wireless Headset System,10822.36,3085.032499999999,35
"Cuisinart Refrigerator, Silver",10814.332999999999,498.23300000000006,28
"Office Star Rocking Chair, Set of Two",10710.754,668.134,101
"Lesro Round Table, Rectangular",10707.497000000001,585.4570000000001,38
"Cisco Signal Booster, with Caller ID",10693.3869,777.4869000000001,94
"Apple Speaker Phone, VoIP",10687.630500000001,3268.3904999999995,101
"Apple Signal Booster, Cordless",10642.455000000002,13.814999999999571,102
"Hon Deluxe Fabric Upholstered Stacking Chairs, Rounded Back",10637.527999999998,1927.4419999999996,51
"Barricks Computer Table, Fully Assembled",10620.2178,-1586.2722000000003,41
"Canon Fax and Copier, Laser",10618.34952,3299.73952,65
"Brother Copy Machine, High-Speed",10602.81096,2271.94096,54
"Apple Audio Dock, with Caller ID",10581.938600000001,1218.3685999999998,74
"Office Star Rocking Chair, Black",10579.4104,1653.6703999999997,95
"Harbour Creations Rocking Chair, Black",10577.056999999999,994.747,95
"Safco Floating Shelf Set, Traditional",10576.0866,3984.6166000000007,66
"Novimex Swivel Stool, Adjustable",10527.867000000002,554.4269999999999,77
"Enermax Memory Card, USB",10524.864,572.2640000000001,120
"Fellowes File Cart, Industrial",10517.970000000001,-520.3300000000003,99
"Hon Rocking Chair, Black",10510.2981,2308.3281,116
"Logitech Router, Erganomic",10426.196000000002,2136.5159999999996,50
"Epson Printer, Durable",10422.02,1979.8400000000001,46
"Panasonic Inkjet, White",10401.750000000002,-12.630000000000408,42
"Harbour Creations Swivel Stool, Black",10365.25,860.3499999999999,86
"Breville Microwave, Silver",10317.9188,-1577.4211999999995,49
"Hoover Stove, Silver",10316.1638,-2093.0862,26
"Epson Card Printer, Durable",10306.242000000002,2101.302,69
"Canon Fax and Copier, Digital",10275.74256,2554.19256,65
"Enermax Router, USB",10233.013200000001,1866.3432,47
"Apple Signal Booster, with Caller ID",10212.310000000001,-425.0200000000001,96
"Chromcraft Conference Table, Rectangular",10210.816,-910.944,20
Logitech P710e Mobile Speakerphone,10196.604,1645.361099999999,41
"Okidata Printer, Wireless",10164.515000000003,-186.42500000000027,48
"Motorola Signal Booster, Cordless",10150.962600000003,2527.8925999999997,98
"Canon Fax Machine, Color",10114.94358,-1629.57642,50
"Brother Fax and Copier, Laser",10111.9486,641.0585999999998,69
"Office Star Swivel Stool, Set of Two",10107.432999999999,-613.727,72
"SanDisk Router, Erganomic",9980.016,3001.6260000000007,41
Chromcraft Bull-Nose Wood Oval Conference Tables & Bases,9917.64,-2876.1156000000005,27
"Brother Ink, Laser",9888.249,-428.711,83
"Rubbermaid Frame, Duo Pack",9833.195000000002,760.5349999999999,102
"Tenex File Cart, Blue",9773.328000000001,1417.5079999999998,86
"Dania Floating Shelf Set, Metal",9772.4109,2310.4509,68
"Sharp Fax and Copier, Color",9740.117919999999,2548.77792,70
"Samsung Audio Dock, Full Size",9730.7856,1927.3956,67
"Breville Stove, Black",9723.48,2419.26,20
"Sauder Floating Shelf Set, Mobile",9710.460000000001,2603.76,60
"Dania Corner Shelving, Traditional",9698.0546,1637.2646,89
"Sauder 3-Shelf Cabinet, Pine",9661.725000000002,345.8649999999999,71
"Sharp Fax and Copier, Digital",9646.43296,3783.94296,66
Tennsco Double-Tier Lockers,9630.856,429.7882,47
"Motorola Audio Dock, Cordless",9623.3742,465.55420000000015,76
"Eldon File Cart, Blue",9619.336000000001,210.85599999999968,86
"Cisco Audio Dock, with Caller ID",9610.2615,2488.8015,64
"Epson Inkjet, Durable",9597.519,2850.759,34
Bush Advantage Collection Racetrack Conference Table,9544.725,-1934.3976,33
"Memorex Router, Programmable",9474.9075,3189.6375,43
"Okidata Inkjet, Durable",9434.676900000002,-275.24310000000025,33
"SanDisk Router, Programmable",9400.351499999999,147.84150000000017,52
Plantronics Savi W720 Multi-Device Wireless Headset System,9367.289999999999,3696.282,24
"Panasonic Printer, Wireless",9313.8255,1726.0154999999997,41
"Safco Floating Shelf Set, Mobile",9310.7556,1363.4456,61
Bady BDG101FRU Card Printer,9279.884,1327.9833999999992,14
"StarTech Card Printer, White",9274.7445,714.2544999999996,72
"Nokia Signal Booster, Cordless",9274.207,1629.7369999999999,76
"Sharp Personal Copier, Digital",9207.8932,2293.1032000000005,92
Tennsco Single-Tier Lockers,9158.296,-825.7480000000002,28
"Konica Card Printer, Red",9125.4928,1836.7427999999998,67
"Brother Fax and Copier, Digital",9101.10092,900.9409200000001,58
"Hewlett Personal Copier, High-Speed",9090.155879999998,357.03588,74
"Canon Personal Copier, High-Speed",9083.1132,-260.0068000000001,82
GuestStacker Chair with Chrome Finish Legs,9070.944,773.2608000000004,31
"Bush Library with Doors, Pine",9028.3923,-1949.6277,41
"Motorola Speaker Phone, Full Size",9026.354,227.07399999999998,91
"Cisco Speaker Phone, Cordless",8996.1256,1244.2056000000002,75
"Cisco Signal Booster, Cordless",8983.814400000001,-449.23560000000015,71
"Office Star Steel Folding Chair, Black",8962.5216,-566.4384,124
Canon Imageclass D680 Copier / Fax,8959.872000000001,2799.9599999999996,16
"Hewlett Fax and Copier, High-Speed",8950.73784,2096.83784,58
"Ikea Floating Shelf Set, Pine",8919.8678,589.4578000000001,68
"Cisco Audio Dock, VoIP",8913.696,2519.0159999999996,58
"Sharp Fax and Copier, High-Speed",8913.569599999999,-24.340399999999978,67
Hewlett Packard 610 Color Digital Copier / Printer,8899.822,3124.9375,21
Wilson Electronics DB Pro Signal Booster,8878.4,515.5200000000006,32
"SAFCO Rocking Chair, Black",8861.587200000002,78.8971999999998,88
"Apple Audio Dock, Full Size",8833.3742,944.4341999999999,67
"Cisco Speaker Phone, with Caller ID",8826.2536,1176.4136,81
Office Star - Professional Matrix Back Chair with 2-to-1 Synchro Tilt and Mesh Fabric Seat,8774.5,1305.6456000000003,28
"Belkin Memory Card, Programmable",8750.389,1957.429,93
"Cuisinart Refrigerator, Red",8747.543999999998,1678.2840000000003,23
"Canon Ink, Digital",8740.268039999999,1345.5980399999999,76
"Barricks Training Table, Adjustable Height",8701.303499999998,1758.9735,30
"SAFCO Rocking Chair, Set of Two",8695.944,1358.154,78
"Panasonic Inkjet, Durable",8695.0485,702.0884999999996,32
"Barricks Computer Table, with Bottom Storage",8672.542,41.472000000000335,24
Global Deluxe High-Back Manager's Chair,8665.194,1558.5909999999992,35
"KitchenAid Microwave, Black",8622.4075,1929.3474999999999,33
"Samsung Signal Booster, Full Size",8554.9944,2060.2043999999996,75
"Samsung Signal Booster, Cordless",8523.0376,2096.1876,79
"Okidata Card Printer, White",8505.816,2118.846,63
"Enermax Router, Programmable",8500.771499999999,1658.9714999999999,42
"Panasonic Printer, White",8494.460000000001,1532.3600000000001,40
Hon 4070 Series Pagoda Armless Upholstered Stacking Chairs,8430.997000000001,1388.6347999999998,34
"HP Fax and Copier, Digital",8428.550580000001,2524.26058,60
"Konica Printer, White",8414.3875,2414.4975,35
"Samsung Speaker Phone, with Caller ID",8386.482,978.5820000000001,85
"Tenex File Cart, Industrial",8369.2649,388.75489999999985,82
"Nokia Signal Booster, VoIP",8327.437,1267.507,71
"Hamilton Beach Microwave, Red",8324.628,2158.428,37
"Hewlett Copy Machine, High-Speed",8314.56978,1189.92978,38
"Chromcraft Round Table, Adjustable Height",8312.690200000001,-1214.0498000000005,31
"Safco Floating Shelf Set, Metal",8311.032000000001,168.57199999999978,57
"Panasonic Printer, Durable",8300.458,1586.9579999999999,34
"Hon Rocking Chair, Adjustable",8266.131000000001,1677.5109999999997,78
"Hon Swivel Stool, Adjustable",8264.357400000003,210.21739999999977,63
"Canon Fax and Copier, High-Speed",8258.636879999998,987.1468799999999,54
"Hon Rocking Chair, Red",8209.467,318.0869999999998,86
Chromcraft Round Conference Tables,8209.059,-189.9761,61
"StarTech Inkjet, Durable",8207.921800000002,250.62179999999984,33
"Epson Printer, White",8168.4988,-1129.4712000000002,39
"Safco 3-Shelf Cabinet, Metal",8168.160000000001,2140.29,60
"Nokia Signal Booster, with Caller ID",8164.975,68.09500000000006,76
"Hot File 7-Pocket, Floor Stand",8138.232,2016.710999999999,49
"SAFCO Swivel Stool, Black",8111.093400000002,1051.3133999999995,71
"Bevis Round Table, Rectangular",8107.7472,1299.4872,23
"Brother Copy Machine, Laser",8103.93958,1284.4995800000002,38
"Cisco Audio Dock, Cordless",8102.5779999999995,-217.47200000000007,58
"Harbour Creations Rocking Chair, Adjustable",8074.827,927.6270000000002,73
Fellowes PB300 Plastic Comb Binding Machine,8070.192,2518.0550999999996,27
"Brother Fax and Copier, High-Speed",8063.97482,1271.63482,48
"Bush Floating Shelf Set, Mobile",8055.7458,961.6758,57
"Chromcraft Conference Table, Fully Assembled",8042.088000000001,996.408,12
"Samsung Speaker Phone, Full Size",8014.3357,1208.2857,78
"Panasonic Printer, Red",8005.868,-57.272000000000276,37
"Hewlett Ink, Laser",8004.138239999999,1230.6382400000002,66
Cubify CubeX 3D Printer Triple Head Print,7999.98,-3839.990399999999,4
Ibico Ibimaster 300 Manual Binding System,7985.383,2318.3369999999995,28
Global Commerce Series High-Back Swivel/Tilt Chairs,7979.4400000000005,926.1850000000002,33
"Hoover Microwave, Black",7966.6902,1528.5802,32
"Ikea Stackable Bookrack, Mobile",7949.271000000001,2703.631,86
"Brother Personal Copier, High-Speed",7945.90662,1654.91662,68
"Nokia Audio Dock, with Caller ID",7881.799800000001,1091.4198,55
"SAFCO Swivel Stool, Adjustable",7871.593600000001,2057.9836,57
"HP Ink, Laser",7847.0106,-78.62939999999992,81
"Harbour Creations Chairmat, Black",7839.611400000001,46.45139999999995,158
Okidata MB760 Printer,7834.400000000001,881.3699999999993,7
"Dania Stackable Bookrack, Traditional",7829.9175,2436.3775000000005,80
"Sharp Fax and Copier, Laser",7826.411999999999,2720.8720000000003,55
"Hoover Refrigerator, Black",7815.258,1371.928,18
"Cisco Signal Booster, Full Size",7807.5888,334.37879999999996,58
"Hoover Refrigerator, Silver",7799.748,1886.428,19
"Boston Canvas, Fluorescent",7798.911,912.451,169
"Safco Corner Shelving, Traditional",7791.848000000001,1424.808,71
"Sauder Stackable Bookrack, Mobile",7779.013,1255.963,60
"Cuisinart Microwave, Red",7769.033999999999,1316.964,31
"Office Star Rocking Chair, Red",7730.3226,1307.7426,62
Adjustable Depth Letter/Legal Cart,7730.196,1932.5489999999988,45
"Hon Swivel Stool, Red",7706.8240000000005,867.4540000000001,62
Ativa V4110MDD Micro-Cut Shredder,7699.89,3772.9461,11
Mitel MiVoice 5330e IP Phone,7699.72,780.9715999999997,34
"Bush Floating Shelf Set, Metal",7695.9393,464.94930000000005,58
"Logitech Router, Programmable",7695.1732,2324.8132,37
"Cuisinart Microwave, White",7666.429999999999,43.03000000000006,32
"Samsung Audio Dock, with Caller ID",7661.9457999999995,-2137.2241999999997,67
"Motorola Audio Dock, with Caller ID",7660.0645,2336.6545,57
"Samsung Signal Booster, VoIP",7640.412,1139.822,69
"Bush Floating Shelf Set, Pine",7630.9548,747.7848,58
"Nokia Audio Dock, Full Size",7602.2373,616.8873,57
"Novimex Rocking Chair, Red",7596.6539999999995,-93.00599999999983,76
"Hon Conference Table, Rectangular",7588.2895,-1920.8505000000011,19
"Chromcraft Computer Table, Adjustable Height",7582.967000000001,3009.107,22
Hon 4700 Series Mobuis Mid-Back Task Chairs with Adjustable Arms,7582.374000000001,832.993199999999,24
"Cardinal Binding Machine, Clear",7577.645700000002,2804.8257,171
"Apple Signal Booster, Full Size",7568.308,-1024.152,77
"KitchenAid Stove, White",7558.257,79.34700000000038,17
"Motorola Signal Booster, Full Size",7554.610200000001,760.4702000000001,57
"Motorola Speaker Phone, VoIP",7554.105,-642.8349999999999,73
"Atlantic Metals Mobile 3-Shelf Bookcases, Custom Colors",7539.7122,780.3302000000003,35
"Sauder 3-Shelf Cabinet, Metal",7533.3414,1110.0014,63
"Sauder Floating Shelf Set, Traditional",7530.246,1742.4060000000002,48
"Samsung Speaker Phone, Cordless",7518.7467,1045.7367,75
Tennsco 16-Compartment Lockers with Coat Rack,7515.523999999999,1114.3708000000001,13
"Motorola Speaker Phone, Cordless",7484.753,161.99299999999997,62
"Dania 3-Shelf Cabinet, Pine",7484.624000000001,398.82399999999996,70
"Nokia Signal Booster, Full Size",7461.7878,1070.4978,66
"Novimex Rocking Chair, Set of Two",7459.7896,935.0096000000002,76
"Dania Corner Shelving, Metal",7417.381,1923.621,85
"Safco 3-Shelf Cabinet, Pine",7412.9091,24.659099999999935,52
Hon 94000 Series Round Tables,7404.5,-681.2139999999998,30
Logitech diNovo Edge Keyboard,7399.704,1432.4427000000003,31
"Bevis Conference Table, with Bottom Storage",7399.3176,387.68760000000026,12
"Hoover Microwave, Silver",7377.9202,2630.4602,29
"StarTech Inkjet, White",7368.3780000000015,2355.288,30
"Sauder Corner Shelving, Mobile",7335.187200000001,1043.4371999999998,61
"Cuisinart Microwave, Silver",7324.6089999999995,975.2890000000002,30
"Harbour Creations Rocking Chair, Set of Two",7300.734799999999,-1477.9951999999994,80
"Nokia Speaker Phone, Cordless",7279.86,1383.06,75
"Ikea Stackable Bookrack, Metal",7279.686,101.64599999999996,84
"Enermax Numeric Keypad, Bluetooth",7268.8294,422.9994,167
"Safco 3-Shelf Cabinet, Traditional",7260.12,555.0900000000001,57
Bretford CR4500 Series Slim Rectangular Table,7242.768,-532.7612999999999,29
"Dania 3-Shelf Cabinet, Mobile",7227.294,-100.26599999999995,56
"Lesro Computer Table, Fully Assembled",7223.262000000001,-2322.838,34
"Novimex Rocking Chair, Black",7219.7,-339.69999999999993,87
"Hewlett Fax Machine, Digital",7177.3176,2377.0776,26
"HP Personal Copier, Digital",7152.74388,507.4738799999999,64
"SAFCO Rocking Chair, Red",7141.6857,1064.4657000000002,71
"Hewlett Personal Copier, Laser",7140.114659999999,307.61466000000013,61
Samsung Galaxy S III - 16GB - pebble blue (T-Mobile),7139.796,83.99760000000035,28
"Eldon Frame, Durable",7124.9344,1464.3844,80
"Deflect-O Frame, Erganomic",7106.364,-337.0259999999999,84
"Konica Printer, Wireless",7097.76,425.0699999999998,31
"Cisco Speaker Phone, Full Size",7063.975799999999,469.2258,65
"Canon Personal Copier, Color",7056.45756,567.2375599999999,63
"KitchenAid Refrigerator, Red",7047.999,-1087.9009999999998,21
"StarTech Printer, Red",7042.296000000001,444.99599999999975,39
"SAFCO Rocking Chair, Adjustable",7034.88,1037.3999999999996,68
"Lesro Conference Table, Fully Assembled",7029.8925,-518.4775,12
"HP Ink, High-Speed",7024.5918,1343.3118,69
"Cardinal Binding Machine, Economy",7012.758900000002,1109.4588999999996,174
Staples,7008.2,2611.0694,876
"Dania Corner Shelving, Pine",6999.1482,417.39820000000014,88
"Office Star Steel Folding Chair, Adjustable",6993.407999999999,1895.978,102
"Sharp Personal Copier, Laser",6991.28,1214.88,73
"Cuisinart Microwave, Black",6988.933499999999,-551.6265000000001,40
"SAFCO Swivel Stool, Red",6977.907,1161.667,59
"SAFCO Steel Folding Chair, Red",6973.937000000001,1420.3569999999997,101
Zebra ZM400 Thermal Label Printer,6965.700000000001,3343.536,6
"Nokia Speaker Phone, VoIP",6958.952,-342.448,79
"Ikea Corner Shelving, Mobile",6951.271600000001,912.7315999999998,63
"Ibico Binding Machine, Recycled",6950.256799999999,863.9968000000001,153
"Bevis Oval Conference Table, Walnut",6942.068,-856.0144000000012,36
Hon GuestStacker Chair,6936.102,1233.0848,34
"Office Star Steel Folding Chair, Red",6913.711200000001,-889.7088,109
"Belkin Router, Programmable",6900.9625,1853.8025000000002,33
"Hamilton Beach Microwave, Black",6898.132,279.42199999999997,30
"HP Ink, Color",6892.301160000001,857.7411600000001,67
"Novimex Rocking Chair, Adjustable",6887.952,603.2919999999998,78
"Safco 3-Shelf Cabinet, Mobile",6882.960000000001,1060.28,53
"Epson Card Printer, Wireless",6881.2755,-664.9645,55
"Konica Receipt Printer, Durable",6874.746600000001,1670.1966,59
"Sauder Corner Shelving, Metal",6866.9004,1233.3804,66
"Hon Swivel Stool, Set of Two",6833.974000000001,791.6139999999999,56
Hoover Upright Vacuum With Dirt Cup,6832.907999999999,460.35269999999855,31
"Bush Corner Shelving, Mobile",6831.961700000001,127.24170000000004,77
"Tennsco Snap-Together Open Shelving Units, Starter Sets and Add-On Units",6819.312,181.66199999999975,25
"Belkin Memory Card, USB",6816.468599999999,-1264.9314,75
"Avery Binding Machine, Durable",6811.841,12.260999999999928,167
"Hon Wood Table, Rectangular",6805.18,1.5000000000001847,18
"Sauder 3-Shelf Cabinet, Traditional",6787.7652,40.32519999999991,58
GBC DocuBind 300 Electric Binding Machine,6785.142000000001,494.42119999999977,23
Bretford CR8500 Series Meeting Room Furniture,6776.562000000001,461.1269999999999,21
"Bush Corner Shelving, Pine",6775.4626,2330.5126,71
"Memorex Memory Card, Erganomic",6773.414399999999,407.8344000000002,86
Cisco Unified IP Phone 7945G VoIP phone,6751.602,102.29699999999994,26
"Hewlett Ink, Digital",6749.252159999999,1498.4521600000005,65
Hon Every-Day Series Multi-Task Chairs,6748.482,281.9700000000001,43
"Deflect-O Frame, Durable",6745.410000000001,2203.17,77
"Rogers Shelving, Wire Frame",6740.364,1038.574,144
"Deflect-O Frame, Black",6739.95,1526.3500000000001,85
"Binney & Smith Sketch Pad, Blue",6739.8688,618.4587999999999,185
"Bush Stackable Bookrack, Traditional",6732.1975999999995,363.6676000000001,64
"Barricks Round Table, Fully Assembled",6716.459600000002,346.9395999999996,20
"Rogers Trays, Industrial",6701.0552,1831.3751999999997,127
"Lesro Computer Table, Adjustable Height",6700.983999999999,138.71400000000017,23
ClearOne CHATAttach 160 - speaker phone,6695.892,1053.9829999999993,13
"SanDisk Memory Card, Bluetooth",6654.672,294.37199999999996,73
"Rubbermaid Frame, Erganomic",6642.9822,1241.7522,79
"Ikea 3-Shelf Cabinet, Mobile",6624.672000000001,598.9919999999997,63
"HP Fax and Copier, Color",6609.08274,1558.16274,51
"Hewlett Personal Copier, Color",6606.6856800000005,1232.9356800000003,59
Standard Rollaway File with Lock,6594.954,1261.33,40
Hon Multipurpose Stacking Arm Chairs,6584.639999999999,814.4160000000002,36
"Dual Level, Single-Width Filing Carts",6574.544,1640.5348000000001,43
"Sauder Corner Shelving, Traditional",6555.341,814.131,56
"Ikea Stackable Bookrack, Traditional",6543.3204000000005,1520.8703999999998,62
"Cisco Speaker Phone, VoIP",6540.0421,729.2521,65
"BIC Canvas, Fluorescent",6534.1944,1799.3844,137
"Nokia Speaker Phone, with Caller ID",6522.4345,563.7545,64
Balt Solid Wood Round Tables,6518.754,-1201.0581,19
"Harbour Creations Steel Folding Chair, Black",6518.6452,144.42519999999985,87
"Hon Computer Table, Fully Assembled",6502.7654999999995,203.29550000000032,25
"Barricks Conference Table, with Bottom Storage",6500.74,-1838.37,13
Hon Pagoda Stacking Chairs,6483.796,1540.7039999999995,22
"HP Fax Machine, Color",6483.48748,-123.85252000000003,28
"Lesro Wood Table, Adjustable Height",6480.756,-711.0440000000002,24
"Dania Floating Shelf Set, Traditional",6479.330999999999,-765.9089999999999,58
"Avery Binding Machine, Clear",6479.284000000001,-167.43600000000015,162
"Novimex Steel Folding Chair, Black",6471.248,519.4680000000001,113
"Canon Ink, Laser",6459.296399999999,2668.2264,48
"Hon Wood Table, with Bottom Storage",6446.804,-304.87600000000003,18
"Bush Stackable Bookrack, Mobile",6443.1050000000005,1674.555,64
"Brother Personal Copier, Digital",6429.053200000001,302.6931999999996,62
"Barricks Conference Table, Adjustable Height",6425.508,-1924.8519999999999,14
"Ikea 3-Shelf Cabinet, Metal",6424.759,-394.7210000000001,65
"Ibico Binding Machine, Durable",6411.258,1821.978,148
"Global Leather and Oak Executive Chair, Black",6410.874,854.7831999999993,26
Sharp AL-1530CS Digital Copier,6399.872,2064.9587,17
"Hon Round Table, with Bottom Storage",6362.889999999999,-1324.6499999999999,19
"Safco Corner Shelving, Mobile",6352.764,1318.704,53
"HP Personal Copier, Laser",6337.79568,2045.8356799999997,65
"Advantus Frame, Durable",6335.7875,-205.76250000000005,77
"Apple Signal Booster, VoIP",6335.620000000001,559.6699999999998,52
"Safco Corner Shelving, Metal",6321.654,75.83399999999997,58
"Cisco Headset, with Caller ID",6276.8816,2079.0816,81
"Canon Personal Copier, Laser",6269.1408,1908.1408,50
"Logitech Memory Card, Erganomic",6265.3475,-717.6125,78
"Rogers Trays, Wire Frame",6253.8075,2016.7675,127
Polycom VVX 310 VoIP phone,6227.654,899.9500000000002,40
"Cuisinart Refrigerator, White",6202.460999999999,1497.381,14
"Brother Personal Copier, Color",6195.220920000001,1504.9009199999998,64
"SanDisk Keyboard, Programmable",6191.967600000001,625.7375999999996,104
"Apple Speaker Phone, Cordless",6186.816500000001,-406.10350000000005,73
"Ikea Stackable Bookrack, Pine",6184.107,2182.8269999999998,55
"BIC Canvas, Blue",6172.456999999999,-232.893,130
"Motorola Signal Booster, VoIP",6171.3498,-340.5101999999998,58
"Konica Printer, Durable",6149.682000000001,1057.2619999999997,29
"Hon Wood Table, Fully Assembled",6141.408,823.9380000000001,18
"Okidata Receipt Printer, Wireless",6141.403,1414.5929999999998,58
"Apple Headset, Full Size",6138.1984999999995,1476.5285000000001,98
Samsung Galaxy S4,6134.701999999999,438.19299999999953,13
"Sharp Ink, Laser",6131.83714,255.45714000000004,63
"Epson Printer, Red",6128.8402,267.2402000000001,28
"Bush 3-Shelf Cabinet, Traditional",6111.8631000000005,878.6731,51
Samsung Galaxy S4 Mini,6109.87,1104.4764999999993,15
Global Comet Stacking Arm Chair,6084.143999999999,697.1415,17
"Apple Speaker Phone, with Caller ID",6070.059,350.57899999999984,65
"Novimex Swivel Stool, Set of Two",6051.573,1448.013,45
"Tenex Shelving, Industrial",6049.0418,528.8018,144
"Boston Sketch Pad, Blue",6037.416,2136.136,143
"Tenex Trays, Industrial",6024.650399999999,210.83040000000014,139
"Smead Shelving, Blue",6008.767099999999,1336.1071,147
Global Ergonomic Managers Chair,6008.536,785.4532,39
"Bush Corner Shelving, Metal",6007.9,496.23999999999995,69
Canon PC1080F Personal Copier,5999.900000000001,1973.9671,11
"Global Leather Highback Executive Chair with Pneumatic Height Adjustment, Black",5989.204,267.3034000000001,39
"Barricks Coffee Table, Adjustable Height",5977.631499999999,-978.6984999999991,38
"Novimex Steel Folding Chair, Set of Two",5971.609600000001,-397.51040000000006,93
Hon 5100 Series Wood Tables,5965.09,-238.60360000000043,26
"Wilson Jones Binding Machine, Recycled",5962.459200000001,280.9591999999999,146
"Fellowes Trays, Industrial",5918.3649000000005,777.9549000000001,122
"Fellowes Trays, Wire Frame",5908.539,644.3389999999999,124
"Sanyo Counter Height Refrigerator with Crisper, 3.6 Cubic Foot, Stainless Steel/Black",5906.5199999999995,1653.8256000000001,18
Hon 4070 Series Pagoda Round Back Stacking Chairs,5906.032,1052.8144,21
"Nokia Audio Dock, Cordless",5895.5137,630.4137000000001,46
"Wilson Jones Binding Machine, Economy",5883.8496000000005,840.3095999999999,151
"Acco Binding Machine, Clear",5871.0455,512.8855,144
"Ibico Binding Machine, Clear",5865.276800000001,849.2567999999998,132
Global Leather Executive Chair,5861.533,701.9799999999993,21
"Konica Phone, Wireless",5857.7597,1074.4697,79
"Hewlett Fax and Copier, Digital",5856.66756,1262.94756,40
"Tenex Trays, Single Width",5854.6656,1614.0356,133
"Safco Stackable Bookrack, Traditional",5845.0724,-397.1775999999999,56
"Brother Personal Copier, Laser",5835.1513,640.2013,52
"HP Fax and Copier, High-Speed",5826.070739999999,928.9707400000002,46
"Samsung Speaker Phone, VoIP",5812.954,1680.574,50
"KitchenAid Blender, Silver",5810.402999999999,1791.5430000000001,73
"Office Impressions End Table, 20-1/2""H x 24""W x 20""D",5801.816,-66.82719999999955,23
"Breville Stove, White",5800.1504,-270.6296000000001,15
Zebra GX420t Direct Thermal/Thermal Transfer Printer,5787.3550000000005,509.71199999999914,14
Iceberg Mobile Mega Data/Printer Cart ,5751.774,1388.6081999999997,49
"Hon Training Table, Adjustable Height",5726.619,1911.7890000000002,19
"Harbour Creations Steel Folding Chair, Set of Two",5714.3222000000005,342.58219999999983,77
Safco Contoured Stacking Chairs,5697.76,870.1599999999997,27
"Bush 3-Shelf Cabinet, Metal",5695.1082,1243.1682000000005,49
"SanDisk Numeric Keypad, Bluetooth",5688.066500000001,441.6964999999999,130
"Epson Card Printer, White",5682.7112,-152.03880000000004,48
Canon PC940 Copier,5669.874000000001,2092.4534999999996,15
"Fellowes Shelving, Wire Frame",5668.6154,1953.4754,131
"Apple Headset, Cordless",5667.657999999999,729.5680000000002,97
"Logitech Keyboard, Erganomic",5662.4876,709.8675999999999,93
"Bevis Round Table, Adjustable Height",5654.795999999999,-3649.8939999999993,22
"SanDisk Memory Card, Erganomic",5652.449,83.51900000000009,60
"Motorola Audio Dock, Full Size",5646.7578,965.3478000000001,37
"Rubbermaid Frame, Durable",5641.455600000001,114.24559999999981,68
Bretford “Just In Time” Height-Adjustable Multi-Task Work Tables,5634.9,-964.1940000000006,17
"Canon Personal Copier, Digital",5626.28808,931.3180799999999,53
"Canon Fax and Copier, Color",5619.92256,1235.68256,35
"Samsung Audio Dock, VoIP",5616.858,1453.3380000000002,47
Logitech Z-906 Speaker sys - home theater - 5.1-CH,5609.83,2243.9320000000002,17
"Sanford Pencil Sharpener, Water Color",5581.9741,601.9441,259
"Harbour Creations Chairmat, Red",5575.680000000001,1406.8799999999997,95
Deluxe Rollaway Locking File with Drawer,5572.792,1380.7215999999999,14
"Tenex Shelving, Wire Frame",5566.428000000001,-501.66200000000015,136
"Nokia Headset, with Caller ID",5565.133199999999,127.60320000000023,101
"Acco Binding Machine, Recycled",5563.46,954.59,133
"Lesro Wood Table, Fully Assembled",5556.465,-1296.1450000000002,27
"Canon Ink, Color",5553.10548,1399.6054800000002,46
"Hon Training Table, Fully Assembled",5552.7915,1341.8514999999995,22
"Ibico Binding Machine, Economy",5539.4766,668.5766,135
"Stanley Pencil Sharpener, Water Color",5537.229,125.53899999999999,242
"Avery Binding Machine, Economy",5535.3628,307.1928,130
"Office Star Chairmat, Adjustable",5534.9316,1305.8516,97
"Belkin Memory Card, Bluetooth",5522.361,423.74100000000004,66
"Eldon Frame, Duo Pack",5518.909500000001,735.5294999999999,65
"Nokia Headset, Cordless",5509.632,1368.5120000000002,96
"Atlantic Metals Mobile 5-Shelf Bookcases, Custom Colors",5492.885,15.048999999999438,26
"Dania Floating Shelf Set, Mobile",5474.0595,676.1295000000001,47
"Dania Corner Shelving, Mobile",5444.1677,706.6876999999998,57
"Global High-Back Leather Tilter, Burgundy",5436.158,-474.74140000000034,54
"Office Star Swivel Stool, Black",5432.865100000001,259.18509999999975,48
Hon Olson Stacker Chairs,5427.99,1292.1263999999996,22
"Dania Stackable Bookrack, Mobile",5418.860999999999,1421.221,63
"Advantus Frame, Erganomic",5416.4006,1402.6006,65
"SanDisk Memory Card, Programmable",5407.3077,9.75770000000016,66
"HP Personal Copier, High-Speed",5401.56402,34.29401999999999,54
Ibico Hi-Tech Manual Binding System,5398.323,-304.99000000000063,34
"Brother Ink, High-Speed",5380.396,602.1759999999999,48
"Harbour Creations Rocking Chair, Red",5379.571599999999,-13.528399999999918,48
"Boston Canvas, Water Color",5379.528200000001,309.8681999999999,116
"Barricks Wood Table, with Bottom Storage",5374.348900000001,135.91889999999987,17
"Binney & Smith Canvas, Blue",5357.8751999999995,195.80520000000013,132
"Eldon Shelving, Single Width",5355.986,-834.3039999999999,136
"Nokia Speaker Phone, Full Size",5336.402,325.832,54
"StarTech Card Printer, Red",5333.58,629.5799999999999,35
Wilson SignalBoost 841262 DB PRO Amplifier Kit,5327.26,1043.8549999999998,17
"Nokia Office Telephone, Full Size",5326.4412,300.7912,105
"Barricks Training Table, Rectangular",5325.5682,-632.0717999999999,25
"Cisco Headset, Full Size",5323.0827,1372.1027,68
"Office Star Bag Chairs, Set of Two",5315.7489000000005,-291.5811000000001,149
"Konica Inkjet, Durable",5301.450000000001,560.91,19
"Sanford Canvas, Fluorescent",5299.8556,1299.6855999999998,119
"Sanford Canvas, Blue",5299.548,705.768,128
Hon Olson Stacker Stools,5294.456,833.5952,44
GE 30524EE4,5291.7300000000005,838.8371999999996,32
"HP Ink, Digital",5286.49572,1120.07572,49
Hon 2090 “Pillow Soft” Series Mid Back Swivel/Tilt Chairs,5282.424,-989.0496000000009,24
"BIC Sketch Pad, Water Color",5271.264,734.7539999999999,118
"Bush 3-Shelf Cabinet, Mobile",5260.7934000000005,-113.03659999999998,51
"Okidata Printer, Red",5233.305,-815.9250000000002,23
"Fellowes Shelving, Single Width",5219.874,926.694,108
"Lifetime Advantage Folding Chairs, 4/Carton",5212.112,972.6367999999999,27
"Motorola Headset, with Caller ID",5199.3138,1311.2838,79
"HP Personal Copier, Color",5190.134400000001,728.6944,57
"Atlantic Metals Mobile 4-Shelf Bookcases, Custom Colors",5184.081,-126.44100000000057,27
"Bevis Wood Table, Rectangular",5179.005,-233.83499999999987,13
"Stanley Sketch Pad, Fluorescent",5176.2201,1108.3701,134
"Stanley Canvas, Blue",5169.2852,396.0452,121
"Hon Steel Folding Chair, Adjustable",5163.262,1077.5019999999997,83
"Ikea 3-Shelf Cabinet, Pine",5150.5578000000005,-519.4722000000002,45
"Sanford Canvas, Easy-Erase",5142.1489,353.57890000000003,123
"Belkin Numeric Keypad, Bluetooth",5120.668,1796.208,108
Razer Tiamat Over Ear 7.1 Surround Sound PC Gaming Headset,5119.744000000001,2155.8922000000002,26
"Binney & Smith Canvas, Fluorescent",5102.386,607.6460000000001,122
"Hewlett Ink, High-Speed",5101.632,42.16200000000002,42
"Chromcraft 48"" x 96"" Racetrack Double Pedestal Table",5098.1759999999995,-404.0064000000001,22
"StarTech Printer, Wireless",5097.783000000001,460.8329999999997,25
"Boston Pencil Sharpener, Water Color",5093.352,972.7819999999999,217
"Eldon Trays, Wire Frame",5085.9648,599.1148000000002,148
"Ikea Floating Shelf Set, Metal",5082.68,139.64000000000001,44
"Rogers Shelving, Industrial",5066.1925,787.6225000000002,99
"Tenex Frame, Erganomic",5060.035999999999,987.3360000000001,62
"Smead Trays, Blue",5057.9184000000005,346.63839999999993,140
"Apple Office Telephone, Cordless",5057.517,2007.417,94
"Sanford Sketch Pad, Fluorescent",5052.594,1565.964,136
"Bush Corner Shelving, Traditional",5044.3265,649.5465,58
"Hon Computer Table, with Bottom Storage",5043.186000000001,474.4260000000001,12
"StarTech Printer, Durable",5036.0985,-479.5514999999998,29
"Eldon Shelving, Industrial",5033.4400000000005,-216.16000000000005,132
"Konica Receipt Printer, Wireless",5020.4,805.93,44
"Tenex Frame, Duo Pack",5018.5576,-60.75239999999988,64
Hoover Shoulder Vac Commercial Portable Vacuum,5009.48,715.6399999999996,16
"Panasonic Card Printer, Durable",5001.9346000000005,1017.8545999999999,41
"Logitech Memory Card, Bluetooth",4996.7,-240.66000000000005,78
"Epson Inkjet, White",4992.7995,375.5295,18
"Binney & Smith Sketch Pad, Water Color",4980.525,1119.125,112
Panasonic KX-TG9471B,4978.146000000001,1168.1004000000005,27
"Cisco Headset, Cordless",4965.8717,32.26169999999997,72
Chromcraft Rectangular Conference Tables,4952.673,-450.2430000000007,30
"Chromcraft Wood Table, Adjustable Height",4944.0419999999995,872.2019999999999,14
"Okidata Receipt Printer, Red",4928.463,-179.27700000000007,49
"Samsung Office Telephone, Cordless",4928.268,171.94799999999998,88
"Tenex Trays, Blue",4922.4487,581.3087,115
"Enermax Memory Card, Programmable",4919.1442,1347.9342,54
Apple iPhone 5S,4901.914000000001,512.9909999999994,11
"Okidata Receipt Printer, Durable",4900.284900000001,-230.1351000000001,44
"Fellowes Trays, Single Width",4893.9066,1524.3066,110
O'Sullivan 2-Door Barrister Bookcase in Odessa Pine,4886.46,566.4673999999995,31
"Advantus Frame, Black",4881.872,-308.75799999999987,67
"Chromcraft Round Table, with Bottom Storage",4881.195000000001,186.61499999999978,18
"Deflect-O Frame, Duo Pack",4879.632,-527.3280000000001,59
"Panasonic Inkjet, Wireless",4871.7249,302.6049,17
"Samsung Headset, Cordless",4871.5095,1343.9495000000004,86
"Apple Headset, with Caller ID",4864.464,374.6240000000001,82
Brother DCP1000 Digital 3 in 1 Multifunction Machine,4859.838,1154.9615,19
"Enermax Keyboard, Erganomic",4858.5915,1149.6615,78
"Tenex Trays, Wire Frame",4847.592,1673.332,110
"Boston Sketch Pad, Fluorescent",4846.2258,147.46580000000003,110
"Novimex Steel Folding Chair, Red",4845.2657,337.0956999999998,84
"Memorex Memory Card, Programmable",4840.524599999999,552.3246,62
"Binney & Smith Pencil Sharpener, Water Color",4836.1768,1215.2968,207
Fellowes Staxonsteel Drawer Files,4829.25,509.9688000000001,26
"Brother Ink, Digital",4824.2361200000005,866.6561199999999,44
"Hewlett Fax and Copier, Color",4820.31294,1162.85294,29
"Stanley Canvas, Fluorescent",4812.2478,1325.8077999999998,115
"Bush Floating Shelf Set, Traditional",4805.8362,653.6561999999999,37
"StarTech Card Printer, Wireless",4803.629999999999,-128.13000000000005,40
"Konica Receipt Printer, White",4796.2350000000015,1211.985,45
"Dania 3-Shelf Cabinet, Traditional",4789.0255,706.1955000000002,41
"Hamilton Beach Microwave, Silver",4787.094,237.65400000000002,24
"Memorex Keyboard, Programmable",4783.160000000001,722.2499999999999,89
"Wilson Jones Binding Machine, Durable",4783.1034,-256.0966,131
"Fellowes Trays, Blue",4782.6913,-575.0687,113
Smead Adjustable Mobile File Trolley with Lockable Top,4778.766,1106.6616000000004,12
High-Back Leather Manager's Chair,4770.633,-197.58480000000003,42
"Motorola Headset, Full Size",4747.5477,706.8877,77
"Okidata Printer, Durable",4742.933800000001,-626.0662000000002,30
"Motorola Office Telephone, Full Size",4742.162499999999,791.5325,88
"HP Fax and Copier, Laser",4732.22982,1104.68982,31
"Konica Card Printer, Wireless",4729.59,1288.74,32
"Apple Audio Dock, Cordless",4727.259,381.639,31
"Chromcraft Wood Table, Rectangular",4724.0856,-665.7544,20
"Ikea Floating Shelf Set, Mobile",4713.316000000001,872.716,37
"KitchenAid Toaster, White",4712.1516,1666.1915999999999,62
"Novimex Chairmat, Set of Two",4711.6125,1354.7325,102
"Konica Card Printer, Durable",4709.4580000000005,-612.7320000000001,44
"Eldon Shelving, Blue",4705.1328,864.8027999999999,132
SAFCO Boltless Steel Shelving,4704.696,-470.46960000000024,46
"Sharp Ink, High-Speed",4677.4897599999995,259.14976,44
"Rogers Trays, Blue",4654.784,693.224,94
"Tenex Frame, Black",4652.1539999999995,370.544,53
"Epson Receipt Printer, Wireless",4644.1405,98.32049999999983,52
"Memorex Memory Card, Bluetooth",4640.3308,1190.7908000000002,59
Global Executive Mid-Back Manager's Chair,4626.582,750.7284,18
DMI Arturo Collection Mission-style Design Wood Chair,4619.987999999999,486.1556000000001,37
Polycom CX600 IP Phone VoIP phone,4619.23,896.8505000000001,17
"Novimex Steel Folding Chair, Adjustable",4617.24,-27.899999999999956,71
"BIC Canvas, Water Color",4615.2432,-215.53680000000003,91
"Enermax Keyboard, USB",4610.217,786.5269999999999,72
"Samsung Office Telephone, Full Size",4608.6996,19.599600000000123,100
"Apple Office Telephone, VoIP",4602.048,1016.7779999999998,94
Letter Size Cart,4600.092000000001,1252.8821999999996,33
"Rogers Shelving, Blue",4591.407,216.20699999999997,91
"Wilson Jones Binding Machine, Clear",4576.1742,898.3142,111
"Stanley Canvas, Easy-Erase",4571.9349999999995,856.5150000000001,110
"Ikea 3-Shelf Cabinet, Traditional",4560.9288,1369.2288,41
"Hon Steel Folding Chair, Set of Two",4554.158100000001,420.0081,87
KI Adjustable-Height Table,4552.641,-248.48219999999998,74
"Harbour Creations Chairmat, Set of Two",4550.535000000001,-227.73500000000016,82
"Binney & Smith Sketch Pad, Fluorescent",4549.2824,-572.6676,132
"Bevis Training Table, Adjustable Height",4547.2994,-316.16059999999965,22
"Hon Bag Chairs, Set of Two",4546.45,221.35000000000005,138
"Bevis Round Bullnose 29"" High Table Top",4544.925,-192.18540000000002,24
"Dania 3-Shelf Cabinet, Metal",4541.999,280.61900000000014,43
"Smead Trays, Industrial",4537.776,995.106,120
"Apple Speaker Phone, Full Size",4535.076,385.386,49
"Chromcraft Conference Table, Adjustable Height",4520.11,90.2000000000001,10
Fellowes Officeware Wire Shelving,4509.466,-332.37100000000015,55
Samsung Galaxy Note 2,4507.902,-128.7971999999994,14
"Stanley Canvas, Water Color",4503.154500000001,1484.5445,98
"Okidata Card Printer, Durable",4492.003500000001,-423.20650000000006,32
"Okidata Card Printer, Red",4480.182,243.37199999999987,34
"Fellowes Strictly Business Drawer File, Letter/Legal Size",4479.03,388.746,33
Sanyo 2.5 Cubic Foot Mid-Size Office Refrigerators,4476.96,956.9501999999998,17
"Konica Receipt Printer, Red",4473.52,433.51,46
"Fiskars Trimmer, Easy Grip",4466.8104,1381.9404,119
"Advantus Frame, Duo Pack",4453.870800000001,916.2707999999998,55
"Ikea Corner Shelving, Metal",4449.9264,-523.7436,46
"Canon Ink, High-Speed",4448.1945,530.5045,37
"Riverside Furniture Oval Coffee Table, Oval End Table, End Table with Drawer",4446.175,-1147.4000000000003,25
"Avery Binding Machine, Recycled",4438.332,1264.422,112
Nortel Meridian M3904 Professional Digital phone,4434.912,936.2591999999995,32
"Acco Binding Machine, Economy",4429.6733,229.79329999999987,110
"Cisco Office Telephone, VoIP",4420.8525,472.04249999999985,93
Global Commerce Series Low-Back Swivel/Tilt Chairs,4420.056,41.11679999999923,24
"SAFCO Steel Folding Chair, Set of Two",4414.7124,1247.4624,80
"Hewlett Ink, Color",4412.92752,201.64752,33
"Tenex Shelving, Blue",4410.515399999999,-725.5046,108
"Smead Trays, Wire Frame",4401.545,248.87500000000006,111
Sharp 1540cs Digital Laser Copier,4399.92,1649.97,10
"Tenex Shelving, Single Width",4397.9875,599.9875,97
"Hon Chairmat, Set of Two",4395.9024,1211.7924,96
"Sanford Pencil Sharpener, Easy-Erase",4393.094999999999,1837.895,193
"Binney & Smith Canvas, Water Color",4389.561,1534.2210000000005,99
Logitech G19 Programmable Gaming Keyboard,4389.246,729.0611999999996,36
"Tennsco Stur-D-Stor Boltless Shelving, 5 Shelves, 24"" Deep, Sand",4384.044,-36.53369999999961,33
"SAFCO Steel Folding Chair, Adjustable",4382.364,1244.904,60
"Smead Trays, Single Width",4381.5849,578.4849000000002,126
"Acco Binding Machine, Durable",4377.241000000001,1235.8210000000001,94
"Smead Shelving, Wire Frame",4351.68,438.56000000000006,125
"Office Star Chairmat, Set of Two",4351.2613,1426.1713,87
"Eldon Frame, Erganomic",4349.744,-310.7859999999999,56
"Apple Headset, VoIP",4349.4105,209.6805,74
"Memorex Numeric Keypad, Bluetooth",4335.4866,879.5666,121
"Hon Practical Foundations 30 x 60 Training Table, Light Gray/Charcoal",4334.827499999999,430.06950000000006,22
"Hon Steel Folding Chair, Red",4333.1723999999995,1000.5323999999999,71
Bevis 36 x 72 Conference Tables,4332.2519999999995,448.16399999999993,40
GBC DocuBind TL200 Manual Binding Machine,4322.813999999999,1592.4977999999999,23
"Panasonic Receipt Printer, White",4322.6013,513.6213,42
"SAFCO Chairmat, Adjustable",4317.6676,-301.82240000000013,102
"Enermax Keyboard, Programmable",4317.6672,989.9372,63
"Green Bar Cards & Envelopes, Multicolor",4306.040000000001,61.57999999999993,110
"Belkin Memory Card, Erganomic",4305.087199999999,967.6772000000002,58
"Tenex Frame, Durable",4304.298900000001,521.1488999999999,52
"Chromcraft Bull-Nose Wood 48"" x 96"" Rectangular Conference Tables",4297.644,-611.5878000000002,11
"Samsung Office Telephone, with Caller ID",4297.1284,298.4084000000001,97
"Enermax Memory Card, Erganomic",4284.169999999999,1147.2200000000003,55
"Lesro Coffee Table, with Bottom Storage",4275.6,249.47999999999996,23
"Sanford Sketch Pad, Water Color",4269.5905999999995,1519.1106,97
"Cardinal Binding Machine, Recycled",4269.5721,527.7021,112
Cisco 9971 IP Video Phone Charcoal,4268.0,466.3999999999995,16
"Panasonic Receipt Printer, Durable",4259.904,786.8340000000001,46
"Samsung Headset, VoIP",4232.4974999999995,1397.5275000000001,72
"Samsung Headset, with Caller ID",4227.788,-175.1719999999999,72
"Belkin Keyboard, Erganomic",4226.6406,25.460599999999914,71
"Lesro Training Table, Adjustable Height",4223.830799999999,-1443.9792000000002,27
Motorola L703CM,4211.7300000000005,467.97,32
GBC DocuBind 200 Manual Binding Machine,4209.8,1052.45,15
Hewlett Packard 310 Color Digital Copier,4199.86,839.9719999999998,16
"SAFCO Commercial Wire Shelving, Black",4199.456,-635.444,35
"Boston Canvas, Blue",4187.1384,834.8184,88
Office Star - Mid Back Dual function Ergonomic High Back Chair with 2-Way Adjustable Arms,4185.48,342.88739999999973,31
Fellowes PB200 Plastic Comb Binding Machine,4181.754,693.5591999999998,38
Cisco SPA301,4180.532,904.7419999999998,30
"Office Star Chairmat, Red",4180.0088000000005,1185.3288,82
"Boston Canvas, Easy-Erase",4174.7904,495.4704000000001,97
"Boston Sketch Pad, Water Color",4167.5996,-826.5304,110
"Global Wood Trimmed Manager's Task Chair, Khaki",4166.884,-503.1194000000002,59
"Sharp Ink, Color",4161.5239,684.8839,44
"Apple Office Telephone, Full Size",4158.6278999999995,701.7579000000001,75
"SanDisk Numeric Keypad, Erganomic",4155.735000000001,461.44499999999994,87
"Chromcraft Wood Table, with Bottom Storage",4149.672,-310.6479999999998,13
"Eldon Trays, Single Width",4146.72,320.96000000000004,113
"SanDisk Keyboard, Erganomic",4123.080000000001,926.6999999999999,57
"Sanford Markers, Water Color",4122.551399999999,402.2114,179
Canon PC-428 Personal Copier,4119.794,1469.9265,25
"Motorola Signal Booster, with Caller ID",4115.4646,873.0346,35
"Boston Sketch Pad, Easy-Erase",4111.2702,678.0402,100
"Binney & Smith Canvas, Easy-Erase",4097.1847,642.7746999999999,91
"BIC Sketch Pad, Blue",4093.928,10.508000000000031,107
"Epson Phone, Wireless",4084.9365,1739.9865000000002,53
"Rubbermaid Frame, Black",4069.5930000000003,294.45300000000003,54
"Breville Blender, White",4067.253,964.2030000000001,55
"Hoover Blender, White",4063.6800000000003,-128.48000000000008,51
"Motorola Headset, Cordless",4048.8370999999997,89.84710000000013,69
Wireless Extenders zBoost YX545 SOHO Signal Booster,4044.3860000000004,733.2811999999999,24
"Barricks Wood Table, Fully Assembled",4043.52,437.03999999999996,12
"Motorola Speaker Phone, with Caller ID",4031.3994000000002,542.7094000000001,50
"Rogers Shelving, Single Width",4024.6528,-377.9672,86
"Ikea Corner Shelving, Pine",4022.5900000000006,754.0899999999999,45
"Sanford Sketch Pad, Blue",4019.9772000000003,-230.93280000000004,113
"Logitech Memory Card, Programmable",4013.408,695.088,53
Fellowes Super Stor/Drawer Files,4006.44,473.3415000000001,27
Samsung Galaxy S4 Active,3999.92,1039.9792000000002,8
WD My Passport Ultra 2TB Portable External Hard Drive,3998.4,499.80000000000024,35
"Rogers Trays, Single Width",3994.2826,-571.6474,89
Canon imageCLASS MF7460 Monochrome Digital Laser Multifunction Copier,3991.98,1995.99,2
Office Star - Contemporary Swivel Chair with Padded Adjustable Arms and Flex Back,3989.734,425.75959999999964,32
"Cardinal Binding Machine, Durable",3987.0970000000007,1000.0070000000001,87
"Novimex Bag Chairs, Black",3986.0421,447.6920999999999,132
"Epson Phone, Durable",3976.9239,229.80390000000006,62
Polycom SoundStation2 EX Conference phone,3968.5099999999998,518.3359999999998,12
"Acco 3-Hole Punch, Economy",3968.2096000000006,344.5695999999999,160
Hon Racetrack Conference Tables,3963.901,-598.5228000000004,22
"Lesro Round Table, Adjustable Height",3960.6240000000007,-2402.976,19
Canon Image Class D660 Copier,3959.9339999999997,1691.9718,7
"Global Airflow Leather Mesh Back Chair, Black",3955.676,573.7239999999997,32
Fellowes High-Stak Drawer Files,3946.656,419.3321999999998,26
"Enermax Note Cards, Premium",3940.6707,573.2306999999998,171
"Harbour Creations Steel Folding Chair, Adjustable",3938.242,700.972,52
"Safco Stackable Bookrack, Mobile",3933.072,-217.1579999999999,40
"Bevis Training Table, Rectangular",3929.6324999999997,336.8325000000002,15
"Hon Chairmat, Red",3921.8988,178.09879999999993,98
"Fellowes Shelving, Industrial",3921.4368,919.7268000000001,81
"Konica Phone, Red",3921.147,941.6670000000001,56
"Nokia Office Telephone, with Caller ID",3914.0959,-186.30409999999998,84
"Enermax Numeric Keypad, Erganomic",3905.9198,524.0798,82
"Fellowes Shelving, Blue",3899.5728,734.8628,82
"Green Bar Cards & Envelopes, 8.5 x 11",3897.726,481.826,90
"Memorex Memory Card, USB",3893.5568,580.0968000000001,56
"Panasonic Card Printer, White",3889.5275,-693.5625000000002,41
"Okidata Card Printer, Wireless",3885.843,-722.2769999999999,30
"Breville Microwave, Black",3884.706,602.106,20
"Epson Receipt Printer, White",3877.6296,683.6795999999998,41
"Lesro Wood Table, Rectangular",3867.25,-666.5000000000002,14
"Logitech Keyboard, Programmable",3865.1200000000003,387.13,62
Luxo Professional Fluorescent Magnifier Lamp with Clamp-Mount Base,3861.056,289.5792000000001,23
"Wilson Jones 3-Hole Punch, Durable",3859.258,844.318,154
"Barricks Wood Table, Adjustable Height",3858.792000000001,-258.1379999999999,18
Honeywell Enviracaire Portable HEPA Air Cleaner for 16' x 20' Room,3855.18,1503.5202000000002,14
"Advantus Photo Frame, Black",3854.8248000000003,-194.9052,96
Polycom SoundPoint IP 450 VoIP phone,3839.62,162.61920000000003,22
"Konica Printer, Red",3837.0552000000002,200.8751999999998,21
"Cardinal 3-Hole Punch, Durable",3833.657,1346.7969999999998,149
"SanDisk Numeric Keypad, USB",3819.5460000000007,734.0459999999998,97
"Harbour Creations Chairmat, Adjustable",3819.3506000000007,1077.7805999999998,64
Google Nexus 5,3815.7880000000005,710.9605,23
"Cisco Office Telephone, Cordless",3782.274,613.414,53
Hon Non-Folding Utility Tables,3775.647,541.6539999999998,29
"StarTech Receipt Printer, White",3747.0762,941.4162,35
"Hon Computer Table, Adjustable Height",3747.0465,-911.1734999999996,11
Logitech VX Revolution Cordless Laser Mouse for Notebooks (Black),3743.7920000000004,21.598799999999784,22
"Hon Coffee Table, with Bottom Storage",3743.4150000000004,-784.8350000000003,18
"SAFCO PlanMaster Heigh-Adjustable Drafting Table Base, 43w x 30d x 30-37h, Black",3739.115,608.043,14
"StarTech Card Printer, Durable",3733.2630000000004,177.333,29
"Lesro Round Table, Fully Assembled",3723.0708000000004,-154.3092000000005,17
"Sharp Ink, Digital",3721.2519,535.0119,35
"Cisco Office Telephone, Full Size",3719.8975,608.8475000000001,55
"Hon Chairmat, Adjustable",3707.478,765.3179999999999,79
"Stanley Markers, Water Color",3701.0807999999993,768.4008000000002,172
"Smead Shelving, Industrial",3700.4795999999997,26.229600000000076,98
"BIC Sketch Pad, Easy-Erase",3700.4127999999996,1211.2528000000002,91
"Bevis Conference Table, Rectangular",3685.32,1037.92,7
"Hon Steel Folding Chair, Black",3684.8835,-326.64649999999995,74
Aastra 57i VoIP phone,3684.7080000000005,575.3316000000001,26
"Office Star - Contemporary Task Swivel chair with Loop Arms, Charcoal",3680.538,-491.1750000000003,35
"Office Star Steel Folding Chair, Set of Two",3677.9076,910.4976,50
"SanDisk Keyboard, Bluetooth",3675.5628000000006,419.21279999999996,56
"Bevis Computer Table, Adjustable Height",3674.272,-105.0680000000001,11
"Panasonic Receipt Printer, Red",3671.355,798.6550000000001,41
"Sanford Canvas, Water Color",3667.7100000000005,-497.59000000000003,89
"Sauder Stackable Bookrack, Traditional",3666.752,-131.10800000000006,33
"Barricks Conference Table, Rectangular",3663.8324999999995,-2487.9674999999997,10
"Lesro Round Table, with Bottom Storage",3661.2810000000004,-33.279000000000124,11
Polycom VoiceStation 500 Conference phone,3657.38,339.19250000000017,15
"Nokia Headset, Full Size",3656.2639999999997,441.664,53
"Novimex Chairmat, Adjustable",3645.499,68.89900000000007,93
"Dania Floating Shelf Set, Pine",3641.6,-302.05999999999995,32
"Situations Contoured Folding Chairs, 4/Set",3641.2740000000003,234.23400000000026,64
"Sharp Personal Copier, High-Speed",3638.984,254.88400000000007,39
"Nokia Headset, VoIP",3638.04,739.58,66
"Harbour Creations Steel Folding Chair, Red",3636.2872000000007,-79.29280000000008,58
"Barricks Round Table, with Bottom Storage",3635.9475,-1715.3325,11
"Bush Heritage Pine Collection 5-Shelf Bookcase, Albany Pine Finish, *Special Order",3626.0056,-208.65039999999996,34
"Office Star Chairmat, Black",3623.1611000000003,1149.7511,67
Toshiba IPT2010-SD IP Telephone,3613.7400000000002,425.3094,31
"Hewlett Personal Copier, Digital",3613.48416,306.98416000000014,35
"Ibico 3-Hole Punch, Recycled",3606.824,1011.044,135
"Konica Card Printer, White",3604.6780000000003,446.3379999999999,29
"Bush Cubix Conference Tables, Fully Assembled",3603.2879999999996,311.82300000000015,19
"Motorola Office Telephone, VoIP",3598.0085,680.9084999999999,70
"Green Bar Note Cards, Premium",3595.648,152.668,150
"KitchenAid Blender, Black",3593.3312,618.7611999999999,50
Pyle PMP37LED,3590.026,576.8998999999999,43
"Memorex Keyboard, Erganomic",3578.743,640.1229999999999,63
"Chromcraft Round Table, Fully Assembled",3576.751,-1823.0790000000002,14
"Avery 3-Hole Punch, Recycled",3563.6611000000007,296.87109999999984,151
"Samsung Signal Booster, with Caller ID",3562.2672000000002,-349.8628,42
"Cardinal 3-Hole Punch, Economy",3559.776,1021.5360000000001,145
"Stanley Sketch Pad, Blue",3555.881,950.101,90
"Cardinal 3-Hole Punch, Recycled",3545.8560000000007,529.5059999999999,147
Global Adaptabilities Conference Tables,3540.3480000000004,354.0348,14
"24 Capacity Maxi Data Binder Racks, Pearl",3537.2400000000007,536.9024999999997,19
Global Comet Stacking Armless Chair,3528.79,514.3660000000001,14
"Harbour Creations Bag Chairs, Adjustable",3520.9211999999998,981.9911999999999,80
"SAFCO Chairmat, Red",3514.6244000000006,482.58439999999985,80
Avanti 4.4 Cu. Ft. Refrigerator,3511.0119999999997,383.67759999999987,24
"Novimex Bag Chairs, Adjustable",3500.5125000000003,870.4425,90
"Smead Shelving, Single Width",3487.4208,430.5408,97
"Harbour Creations Bag Chairs, Black",3487.2775,822.9475,76
"Lesro Training Table, Fully Assembled",3483.7802999999994,-842.5496999999999,19
"BIC Pencil Sharpener, Water Color",3483.3872,732.4472000000001,127
Hon Rectangular Conference Tables,3481.5150000000003,-295.8150000000005,20
"Logitech Memory Card, USB",3479.9334000000003,343.88339999999994,41
"Acco 3-Hole Punch, Durable",3472.7192000000005,431.11920000000003,142
"Panasonic Receipt Printer, Wireless",3468.621,380.09100000000007,31
"Konica Phone, White",3465.216,835.5360000000001,46
"Kleencut Shears, Steel",3459.3642,688.8142,96
"Wilson Jones 3-Hole Punch, Recycled",3459.2670000000003,1077.387,140
"Iceberg OfficeWorks 42"" Round Tables",3457.442,-392.54800000000023,30
"Global Adaptabilites Bookcase, Cherry/Storm Gray Finish",3447.84,206.8703999999998,8
"Stanley Sketch Pad, Easy-Erase",3431.4700000000003,270.35,98
"Nokia Office Telephone, Cordless",3430.724,96.94399999999999,67
"Hon Round Table, Rectangular",3423.2,-303.11,11
O'Sullivan Living Dimensions 5-Shelf Bookcases,3420.7704,-755.7516000000004,21
Geemarc AmpliPOWER60,3415.04,384.19199999999967,46
Hewlett-Packard Desktjet 6988DT Refurbished Printer,3404.5,1668.205,5
Bush Advantage Collection Round Conference Table,3401.6,210.47399999999976,19
"Ikea Corner Shelving, Traditional",3400.5580000000004,437.12799999999993,37
Fellowes Stor/Drawer Steel Plus Storage Drawers,3397.308,78.2525999999997,37
"Bevis Round Table, Fully Assembled",3395.1120000000005,547.2719999999999,12
"Advantus Door Stop, Erganomic",3394.5150000000003,175.31499999999994,104
"Bevis Coffee Table, Adjustable Height",3373.4961,-426.4239000000001,15
"Belkin Keyboard, Programmable",3368.241,310.64099999999996,53
"Breville Coffee Grinder, White",3363.4,-30.200000000000006,69
"Chromcraft Bull-Nose Wood Round Conference Table Top, Wood Base",3354.89,100.21099999999971,18
"Boston Pencil Sharpener, Easy-Erase",3353.4107,285.25069999999994,133
"SAFCO Bag Chairs, Red",3349.8896,-136.1904,93
"BIC Canvas, Easy-Erase",3334.8063,696.3663000000001,73
"Memorex Numeric Keypad, Erganomic",3331.98,745.2200000000001,94
"Xerox Cards & Envelopes, 8.5 x 11",3326.0566,872.0166,73
"Dot Matrix Printer Tape Reel Labels, White, 5000/Box",3322.878,1517.9064,36
"Bush Andora Bookcase, Maple/Graphite Gray Finish",3317.7235,135.58869999999968,34
Tenex Antistatic Computer Chair Mats,3317.0119999999997,-530.0380000000005,25
"Deflect-O Clock, Black",3312.2427000000002,-804.5273000000001,102
"Belkin Numeric Keypad, Erganomic",3307.5325,-185.2475,71
"Belkin Keyboard, USB",3304.737,684.5269999999999,50
"Enermax Memory Card, Bluetooth",3297.4824,129.05240000000003,36
"Rogers Folders, Industrial",3287.3959999999997,-37.063999999999965,121
"Stiletto Shears, High Speed",3284.2264,358.2964,82
"Epson Card Printer, Red",3282.9580000000005,1202.298,22
"Office Star Bag Chairs, Black",3279.5519999999997,384.45200000000006,76
"Lesro Computer Table, with Bottom Storage",3272.028,86.02800000000013,10
"Safco Corner Shelving, Pine",3270.0635,519.0034999999999,27
"Barricks Training Table, Fully Assembled",3266.9835,-681.2264999999998,22
"Kleencut Trimmer, Steel",3263.5419,28.3119,102
"Sanford Sketch Pad, Easy-Erase",3261.5175,1371.8375,76
"Hoover Toaster, Red",3253.5960000000005,227.87599999999975,51
Bevis 44 x 96 Conference Tables,3253.2200000000003,-164.7200000000003,20
"Chromcraft Round Table, Rectangular",3252.6900000000005,-641.3100000000003,11
"Fiskars Trimmer, Serrated",3249.2200000000007,-63.44000000000025,112
"Bush 3-Shelf Cabinet, Pine",3236.904,505.21399999999994,29
Ibico EB-19 Dual Function Manual Binding System,3234.9130000000005,1086.3772,23
"Barricks Round Table, Adjustable Height",3232.0750000000003,-1880.6749999999997,13
"Cardinal 3-Hole Punch, Clear",3232.002,649.332,131
"SAFCO Steel Folding Chair, Black",3228.4880000000003,474.878,54
"Eldon Trays, Industrial",3228.3849999999998,836.1550000000001,87
"Stanley Sketch Pad, Water Color",3223.197,610.597,80
GBC ProClick 150 Presentation Binding System,3222.996,-461.3307999999999,22
"Rubbermaid Photo Frame, Durable",3217.6913999999997,915.7414,85
"Novimex Chairmat, Black",3214.2938999999997,618.0539000000001,77
"Motorola Headset, VoIP",3213.9558,162.72580000000005,53
"Harbour Creations Bag Chairs, Red",3211.8398,717.0397999999999,72
"Eldon Door Stop, Black",3211.243200000001,419.4931999999999,73
Okidata C331dn Printer,3210.7999999999997,111.68000000000018,12
"Fiskars Letter Opener, Easy Grip",3206.5144,748.0544,139
"Kleencut Letter Opener, Easy Grip",3192.401,768.8810000000001,141
"Memorex Keyboard, USB",3191.1300000000006,337.79999999999995,55
"Barricks Coffee Table, Fully Assembled",3190.2740999999996,-885.0758999999998,15
"Panasonic Card Printer, Red",3189.1603999999998,-127.81959999999998,23
"Advantus Photo Frame, Erganomic",3188.88,1007.04,80
"Stiletto Shears, Steel",3181.8300000000004,-76.3700000000001,88
"Apple Office Telephone, with Caller ID",3179.5712,382.5112,70
Office Impressions Heavy Duty Welded Shelving & Multimedia Storage Drawers,3178.13,-167.27,20
"Epson Receipt Printer, Red",3168.4950000000003,815.9550000000002,31
Jabra SPEAK 410,3158.064,654.1704,37
"Global Fabric Manager's Chair, Dark Gray",3150.576,499.8510000000001,35
"BIC Markers, Easy-Erase",3144.3700000000003,591.04,134
Hon 2111 Invitation Series Corner Table,3140.55,-401.99040000000025,18
"Barricks Coffee Table, Rectangular",3140.2349999999997,-1426.8750000000002,18
Economy Rollaway Files,3138.8,693.84,20
"Tenex Clock, Black",3137.275,241.31499999999997,81
"Hon Wood Table, Adjustable Height",3129.9839999999995,352.0440000000003,11
"Panasonic Card Printer, Wireless",3128.7599999999998,623.85,21
"SanDisk Cards & Envelopes, Recycled",3118.896,-257.624,81
"Elite Trimmer, Steel",3113.3798000000006,993.4298,104
"Office Star Bag Chairs, Adjustable",3101.7652999999996,386.13530000000014,80
BlackBerry Q10,3099.354,548.0565,27
"Barricks Computer Table, Adjustable Height",3098.0885000000003,-876.5714999999999,12
"Epson Receipt Printer, Durable",3096.2745,202.17449999999997,30
"Enermax Keyboard, Bluetooth",3082.1778,39.57779999999991,50
"Fiskars Shears, High Speed",3079.132,1230.872,71
Panasonic KX-TG9541B DECT 6.0 Digital 2-Line Expandable Cordless Phone With Digital Answering System,3059.7960000000003,1147.4235,25
"Hamilton Beach Blender, Black",3056.2323,171.04229999999993,56
"Eldon Clock, Black",3051.8916,671.3616000000001,66
Hoover WindTunnel Plus Canister Vacuum,3051.3,697.4400000000003,9
Digium D40 VoIP phone,3044.164,571.4257,27
Hewlett-Packard Deskjet 3050a All-in-One Color Inkjet Printer,3040.0,1459.2,8
"Acco 7-Outlet Masterpiece Power Center, Wihtout Fax/Phone Line Protection",3039.5,401.2139999999996,31
Space Solutions HD Industrial Steel Shelving.,3035.208,24.14370000000003,27
Carina Double Wide Media Storage Towers in Natural & Black,3028.652,-3.239200000000139,39
"Eaton Cards & Envelopes, Premium",3016.3674,442.0174,79
"Advantus Photo Frame, Duo Pack",3007.368,854.448,76
"Avery 3-Hole Punch, Clear",3007.0288000000005,90.08879999999994,127
"Elite Trimmer, Serrated",2985.1860000000006,778.9459999999999,95
Compact Automatic Electric Letter Opener,2982.75,-57.268799999999956,26
"SAFCO Chairmat, Black",2981.4105,-192.64950000000007,71
"SAFCO PlanMaster Boards, 60w x 37-1/2d, White Melamine",2979.0040000000004,54.716400000000135,26
"Rogers Box, Blue",2978.3523999999998,-20.44760000000001,145
O'Sullivan Living Dimensions 2-Shelf Bookcases,2970.059,-78.637,28
"Bevis Training Table, Fully Assembled",2968.6105,-998.5094999999999,18
"Cisco Headset, VoIP",2963.3942,56.55419999999998,38
"Hoover Blender, Black",2962.2299000000003,96.08989999999993,45
"Global Manager's Adjustable Task Chair, Storm",2959.2079999999996,493.7045999999997,23
"Acme Trimmer, Easy Grip",2955.722,152.72199999999998,78
GBC DocuBind P100 Manual Binding Machine,2954.444,489.6410000000001,27
"Logitech Keyboard, USB",2950.2382000000002,59.71819999999995,59
"Hoover Coffee Grinder, White",2949.8282000000004,-22.39180000000004,51
"BIC Pencil Sharpener, Blue",2949.35,529.82,129
O'Sullivan Plantations 2-Door Library in Landvery Oak,2946.3668,-767.7435999999998,22
3.6 Cubic Foot Counter Height Office Refrigerator,2946.2,-872.0751999999998,18
"KitchenAid Toaster, Black",2939.4125,509.7825000000001,39
"SanDisk Memory Card, USB",2931.874,596.114,35
Aastra 6757i CT Wireless VoIP phone,2929.984,482.58559999999994,16
"Panasonic Phone, Red",2928.6828000000005,318.92280000000005,46
"Chromcraft Coffee Table, Adjustable Height",2917.2,60.78000000000013,16
"Boston Markers, Blue",2916.8736000000004,651.5436,137
"SAFCO Bag Chairs, Adjustable",2914.1385,192.58850000000007,81
Novimex Swivel Fabric Task Chair,2913.9139999999998,-445.3910000000001,25
"Deflect-O Clock, Durable",2912.988,135.498,82
"Samsung Office Telephone, VoIP",2910.649,351.18899999999996,63
ShoreTel ShorePhone IP 230 VoIP phone,2906.628,422.4749999999997,21
"Binney & Smith Markers, Water Color",2904.9822,493.7922,126
O'Sullivan Living Dimensions 3-Shelf Bookcases,2904.161,-170.8330000000002,17
"Belkin Mouse, Erganomic",2900.0424,248.38240000000005,92
"Eldon Photo Frame, Duo Pack",2888.1405,-273.0895,72
Kensington 7 Outlet MasterPiece Power Center,2883.276,229.5941999999996,21
"Hon Chairmat, Black",2881.2059999999997,-1.193999999999992,67
Logitech Wireless Gaming Headset G930,2879.8200000000006,763.1523000000001,21
"Eldon Frame, Black",2874.0875,-120.5125,34
"Okidata Phone, White",2872.6935999999996,123.94360000000005,41
Bose SoundLink Bluetooth Speaker,2865.6000000000004,967.1400000000001,18
"Electrix Architect's Clamp-On Swing Arm Lamp, Black",2863.7999999999997,627.1721999999997,33
"Advantus Clock, Duo Pack",2861.4775,105.43749999999991,71
"Deflect-O Clock, Erganomic",2853.7607,575.0907000000001,74
"Hoover Toaster, White",2847.8522000000003,641.2122,42
"Lesro Round Back Collection Coffee Table, End Table",2847.78,-328.58999999999986,20
"SanDisk Cards & Envelopes, Premium",2847.7416,1016.9316,71
Okidata MB491 Multifunction Printer,2844.3,-434.12999999999977,9
"Acco 3-Hole Punch, Recycled",2843.8856000000005,212.59559999999996,112
"Ames Interoffice Envelope, Security-Tint",2840.112,656.572,76
Premier Automatic Letter Opener,2836.366,-427.85859999999985,14
"Belkin Numeric Keypad, USB",2829.856,-454.844,81
"Elite Shears, Easy Grip",2825.8893000000003,-185.7507,77
"Memorex Keyboard, Bluetooth",2824.8262,391.8662,52
"Cameo Interoffice Envelope, Recycled",2810.0135,789.8235,76
"Rubbermaid Door Stop, Duo Pack",2807.4786,314.96860000000004,74
"Chromcraft Wood Table, Fully Assembled",2807.142,164.442,9
"Rubbermaid Clock, Erganomic",2806.9638,1121.6538,70
Logitech Wireless Headset h800,2799.72,719.9279999999999,32
"Novimex Chairmat, Red",2799.159,258.509,66
"Logitech Numeric Keypad, Erganomic",2791.3696,678.5196,87
Xerox 1915,2789.0099999999998,1262.394,28
"Deflect-O Photo Frame, Black",2788.587,407.247,64
"Belkin Keyboard, Bluetooth",2787.612,-704.398,53
"Binney & Smith Pencil Sharpener, Easy-Erase",2779.2212,350.4712,118
"Fellowes Folders, Blue",2776.3999999999996,947.01,134
"Hon Bag Chairs, Red",2774.016,525.726,80
"Stiletto Letter Opener, Easy Grip",2773.248,389.408,120
"Eldon Trays, Blue",2771.067,538.747,69
"Cameo Interoffice Envelope, Set of 50",2764.3785,826.1385,81
"StarTech Phone, White",2761.616,836.416,43
Electrix Halogen Magnifier Lamp,2759.0600000000004,314.76599999999996,17
"Cisco Office Telephone, with Caller ID",2758.4370000000004,-46.443000000000154,48
"Green Bar Cards & Envelopes, Premium",2757.5848000000005,321.22479999999996,71
"Logitech Keyboard, Bluetooth",2757.447,539.6669999999999,54
"Jiffy Interoffice Envelope, Recycled",2756.6240000000003,887.0840000000001,75
Maxell iVDR EX 500GB Cartridge,2755.4,1184.8220000000003,10
"Belkin Flash Drive, Programmable",2755.1096,172.0096,71
"Hon Bag Chairs, Adjustable",2746.9224000000004,-97.15760000000002,89
VTech DS6151,2746.582,478.76200000000017,25
"Hoover Toaster, Silver",2746.3319,660.9019,48
Nortel Meridian M5316 Digital phone,2744.87,253.77100000000002,13
"Motorola Office Telephone, Cordless",2744.6531999999997,-360.3067999999998,57
O'Sullivan 4-Shelf Bookcase in Odessa Pine,2740.197,-975.0988000000001,37
"Advantus Door Stop, Black",2739.6252,460.46520000000004,79
"Carina Mini System Audio Rack, Model AR050B",2730.108,-68.80759999999981,26
"Stanley Pencil Sharpener, Fluorescent",2721.67,644.93,127
"Enermax Numeric Keypad, USB",2715.645,-266.005,70
"Lesro Training Table, Rectangular",2711.6466,-2581.2834000000003,25
"Bevis Round Table, with Bottom Storage",2710.1337,-404.2562999999999,7
"1.7 Cubic Foot Compact ""Cube"" Office Refrigerators",2706.08,578.6848000000001,14
"Kraft Interoffice Envelope, Security-Tint",2706.0240000000003,605.0640000000001,69
Hon Mobius Operator's Chair,2705.7799999999997,499.3394,23
"Ibico 3-Hole Punch, Durable",2705.6325,712.4825,96
"Enermax Mouse, Bluetooth",2700.9073,741.4273000000001,81
"GE 48"" Fluorescent Tube, Cool White Energy Saver, 34 Watts, 30/Box",2699.056,1260.221,29
"Eldon Door Stop, Durable",2691.7176,557.1576,70
"Advantus Clock, Black",2685.1275,484.32749999999993,70
"Bevis Computer Table, with Bottom Storage",2682.234,-159.0659999999998,9
"Fiskars Shears, Easy Grip",2678.5946000000004,335.53459999999995,71
"Avery 3-Hole Punch, Durable",2677.5650000000005,749.6749999999998,121
"Binney & Smith Sketch Pad, Easy-Erase",2672.4024,231.69239999999996,79
"Bevis Round Conference Table Top, X-Base",2671.421,-519.9409999999998,20
"Fellowes Folders, Single Width",2669.9585999999995,832.1286,117
"Kleencut Trimmer, Easy Grip",2665.2255,373.50550000000004,72
"Binney & Smith Markers, Fluorescent",2663.6935,465.41350000000006,118
Imation Bio 8GB USB Flash Drive Imation Corp,2659.84,398.9760000000001,16
"BIC Pencil Sharpener, Easy-Erase",2658.6240000000003,102.294,104
"Xerox Cards & Envelopes, Recycled",2655.8488,826.3688,75
Global Highback Leather Tilter in Burgundy,2647.809,49.134600000000205,34
"Acme Shears, High Speed",2646.592,666.852,67
Cisco 8x8 Inc. 6753i IP Business Phone System,2645.8040000000005,83.69379999999983,26
Premier Electric Letter Opener,2641.608,-1.9184653865522705e-13,24
"Fiskars Trimmer, Steel",2637.664,-45.47600000000005,74
"Eaton Note Cards, Premium",2632.9772,232.59720000000002,131
Vtech CS6719,2630.1259999999997,418.51640000000003,32
"Boston Markers, Easy-Erase",2628.036,-52.684000000000026,119
"Tenex Clock, Durable",2624.5128,535.2528000000001,87
NETGEAR AC1750 Dual Band Gigabit Smart WiFi Router,2623.8360000000002,723.1547999999998,18
"Acme Trimmer, Steel",2620.9148,317.2548,79
"Jiffy Interoffice Envelope, Set of 50",2620.764,-32.46600000000003,74
Razer Kraken 7.1 Surround Sound Over Ear USB Gaming Headset,2619.738,995.9004000000001,29
"Kleencut Box Cutter, High Speed",2615.8439999999996,-283.09599999999995,115
"Enermax Mouse, Erganomic",2615.819,497.409,79
"Ibico 3-Hole Punch, Clear",2615.0313000000006,749.3612999999999,101
Fellowes Bankers Box Staxonsteel Drawer File/Stacking System,2612.1960000000004,153.35280000000006,43
Motorola Droid Maxx,2609.826,341.97720000000004,21
"Enermax Flash Drive, Programmable",2608.1592,399.73920000000004,70
"Bevis Wood Table, Adjustable Height",2607.5599999999995,542.84,8
"Barricks Wood Table, Rectangular",2603.37,648.2699999999999,6
"StarTech Receipt Printer, Wireless",2597.5242,100.38420000000004,26
"Enermax Mouse, Programmable",2592.2336999999998,300.65369999999996,69
Hon Deluxe Fabric Upholstered Stacking Chairs,2586.1879999999996,-48.795999999999744,15
"Office Star Bag Chairs, Red",2577.96,210.21000000000004,60
"BIC Pencil Sharpener, Fluorescent",2572.3446,580.9746,93
"Kleencut Shears, Serrated",2570.3811,-167.51889999999997,86
"Enermax Mouse, USB",2565.4049999999997,229.36500000000007,74
"Stiletto Box Cutter, Steel",2559.609,424.00899999999996,85
"Deflect-O Clock, Duo Pack",2555.6059,507.6458999999999,58
"Stanley Markers, Fluorescent",2554.7158,664.7558,127
"Eaton Cards & Envelopes, Recycled",2552.8455000000004,344.6655,72
"Stur-D-Stor Shelving, Vertical 5-Shelf: 72""H x 36""W x 18 1/2""D",2552.54,51.050799999999995,23
"Chromcraft Computer Table, Fully Assembled",2550.76,376.6100000000001,11
"Elite Trimmer, Easy Grip",2543.5761,621.8961,82
"Acco 3-Hole Punch, Clear",2543.387,29.086999999999936,109
Bevis Boat-Shaped Conference Table,2542.467,-445.5870000000002,15
Fellowes Powershred HS-440 4-Sheet High Security Shredder,2541.8360000000002,1092.6795,17
"Rubbermaid Photo Frame, Duo Pack",2538.69,837.3799999999999,57
"Okidata Receipt Printer, White",2535.9924,101.8923999999999,27
"SAFCO Chairmat, Set of Two",2534.9388,275.6387999999999,58
"Hoover Coffee Grinder, Red",2533.7650000000003,88.60499999999993,49
"Rubbermaid Stacking Tray, Erganomic",2532.9078,364.7078,141
"Deflect-O Door Stop, Black",2530.348,-554.6320000000001,89
"Eldon Door Stop, Erganomic",2523.552,239.48199999999997,65
"Breville Toaster, Red",2520.1792000000005,264.60919999999993,48
Xerox WorkCentre 6505DN Laser Multifunction Printer,2519.958,-251.99579999999992,7
"Tenex Clock, Duo Pack",2518.1832,588.1732,67
"Tenex Stacking Tray, Erganomic",2516.122,186.182,142
"Enermax Flash Drive, USB",2514.928,656.798,69
Safco Industrial Wire Shelving System,2511.0480000000002,-218.352,30
Plantronics Calisto P620-M USB Wireless Speakerphone System,2508.6720000000005,505.6542000000001,14
"Deflect-O Door Stop, Erganomic",2499.5685000000003,557.9484999999999,76
"Epson Phone, White",2499.147,912.757,38
Kensington 7 Outlet MasterPiece HOMEOFFICE Power Control Center,2491.28,563.8159999999999,21
Kensington 4 Outlet MasterPiece Compact Power Control Center,2488.392,380.57759999999985,36
"Rush Hierlooms Collection 1"" Thick Stackable Bookcases",2487.759,410.352,15
Sensible Storage WireTech Storage Systems,2484.3,-78.07800000000032,38
"Lesro Coffee Table, Adjustable Height",2482.589,132.73900000000015,17
"Acme Box Cutter, Easy Grip",2482.1459999999997,245.28600000000003,77
Wi-Ex zBoost YX540 Cellular Phone Signal Booster,2481.15,540.0149999999998,19
"BIC Markers, Water Color",2480.331,805.291,96
"Xerox Cards & Envelopes, Premium",2467.3540000000003,666.004,70
"SanDisk Note Cards, Premium",2465.8095,658.9895,108
"GlobeWeis Mailers, Security-Tint",2460.276,681.7560000000001,89
"Jiffy Mailers, Security-Tint",2454.6590000000006,328.56899999999996,84
Enermax Acrylux Wireless Keyboard,2450.1600000000003,630.4679999999998,29
"Acme Letter Opener, Steel",2442.1341,445.42409999999995,110
"Boston Highlighters, Water Color",2441.5229999999997,305.20300000000003,133
"Cuisinart Blender, Red",2439.7758000000003,204.11579999999998,49
"GlobeWeis Interoffice Envelope, Set of 50",2438.82,298.23,59
"Logitech Numeric Keypad, Programmable",2437.226,340.88599999999997,64
"Acme Trimmer, High Speed",2437.0400000000004,614.24,63
"BIC Markers, Fluorescent",2435.8893000000003,-253.42070000000004,115
"Breville Coffee Grinder, Black",2435.256,635.056,45
"Wilson Jones 3-Hole Punch, Economy",2435.13,460.94999999999993,103
"Novimex Bag Chairs, Set of Two",2432.998,257.148,68
"Tenex Photo Frame, Erganomic",2427.126,-71.72399999999999,57
"SanDisk Note Cards, Multicolor",2423.1592,621.7492,80
"Harbour Creations Bag Chairs, Set of Two",2422.3762,462.05619999999993,51
"BIC Highlighters, Water Color",2420.9713,34.0813,131
"Novimex Bag Chairs, Red",2420.1004000000003,-40.4196,70
"Samsung Headset, Full Size",2417.9454,218.34539999999993,51
"Hon Coffee Table, Adjustable Height",2417.4840000000004,674.184,11
"Eldon Shelving, Wire Frame",2413.1252,-55.24480000000006,64
"Cameo Mailers, with clear poly window",2409.982,-48.878000000000014,79
"Advantus Stacking Tray, Erganomic",2407.9029,107.6629,131
"Eldon Clock, Duo Pack",2398.6148,841.8247999999999,50
"SanDisk Computer Printout Paper, 8.5 x 11",2397.0414,-68.68860000000001,84
Panasonic KX MB2061 Multifunction Printer,2396.4,179.73000000000013,10
"Stockwell Paper Clips, Assorted Sizes",2395.4378,251.28779999999998,253
"Lesro Wood Table, with Bottom Storage",2393.2416,-878.7684,7
Global Super Steno Chair,2389.902,-1.9539925233402755e-13,30
Harbour Creations Steel Folding Chair,2389.125,336.3749999999999,34
"Cameo Mailers, Recycled",2388.848,710.718,69
"Wilson Jones 3-Hole Punch, Clear",2386.503,422.12299999999993,99
"Fellowes Box, Industrial",2380.627200000001,-285.5428000000001,150
"Hoover Toaster, Black",2372.4791999999998,871.3092,31
"Okidata Calculator, White",2370.225,-150.70499999999998,51
"Enermax Flash Drive, Erganomic",2368.3215,803.4815,77
"SanDisk Flash Drive, Bluetooth",2366.0736,740.7436,79
"Acme Letter Opener, Easy Grip",2363.1653,683.2453,84
Logitech Gaming G510s - Keyboard,2362.722,676.5203999999999,31
Swingline SM12-08 MicroCut Jam Free Shredder,2359.9410000000003,-447.9888,13
"Fellowes Box, Wire Frame",2359.0,736.18,160
"Tenex Folders, Single Width",2358.79,123.58000000000001,129
"Green Bar Note Cards, Multicolor",2358.135,470.75500000000005,86
"Belkin Mouse, Bluetooth",2355.3449,303.7049,72
"StarTech Phone, Wireless",2348.1252,128.54520000000002,40
"Acme Trimmer, Serrated",2341.1264,-19.063600000000022,71
"3D Systems Cube Printer, 2nd Generation, White",2339.982,-467.99639999999994,3
Logitech G700s Rechargeable Gaming Mouse,2339.766,889.9110000000001,25
"Eaton Computer Printout Paper, 8.5 x 11",2339.0895,382.3995,104
"Fiskars Box Cutter, Serrated",2337.024,317.95400000000006,109
"Acme Shears, Serrated",2335.5066,-78.69340000000008,70
StarTech.com 10/100 VDSL2 Ethernet Extender Kit,2330.65,-785.762,13
"Fiskars Shears, Steel",2330.5184,330.35839999999996,61
"SanDisk Keyboard, USB",2329.2542000000003,206.27419999999992,40
"Stanley Markers, Easy-Erase",2328.641,20.971000000000007,118
"Stiletto Trimmer, Serrated",2327.1555000000003,96.05549999999997,73
"Barricks Training Table, with Bottom Storage",2316.1629999999996,-670.7169999999996,14
"Logitech Numeric Keypad, USB",2307.888,638.8679999999999,64
"StarTech Printer, White",2306.4948000000004,223.89479999999998,10
"Fellowes Folders, Industrial",2303.6159999999995,173.73600000000002,106
"BIC Sketch Pad, Fluorescent",2302.1440000000002,641.794,52
"Fellowes Mobile File Cart, Black",2300.66,485.0040000000001,40
"Gould Plastics 18-Pocket Panel Bin, 34w x 5-1/4d x 20-1/2h",2299.75,-172.94120000000015,28
"Lesro Sheffield Collection Coffee Table, End Table, Center Table, Corner Table",2298.114,-12.132900000000333,39
Bevis Round Conference Table Top & Single Column Base,2297.5380000000005,100.97459999999988,19
"Stiletto Box Cutter, Easy Grip",2292.99,318.69,75
"Breville Toaster, Silver",2282.4880000000003,-113.79200000000013,41
"Stockwell Clamps, 12 Pack",2280.6758,392.9758,168
Xiaomi Mi3,2279.96,592.7896000000001,4
"Enermax Note Cards, 8.5 x 11",2278.0085000000004,598.6085,100
"Eldon Folders, Industrial",2275.2708000000002,-73.49920000000003,159
"Kraft Interoffice Envelope, Set of 50",2271.71,229.19,65
"SAFCO Bag Chairs, Set of Two",2268.1572,606.5172000000001,61
"Tenex 46"" x 60"" Computer Anti-Static Chairmat, Rectangular Shaped",2267.972,148.372,25
"Boston Markers, Water Color",2266.485,-256.35499999999996,95
GBC DocuBind P50 Personal Binding Machine,2264.892,569.4220000000001,50
"Sanford Pencil Sharpener, Fluorescent",2264.7744,477.37440000000004,113
"Eldon Clock, Durable",2259.81,226.14999999999998,58
"Panasonic Phone, Durable",2257.3872,532.8672,32
Cisco IP Phone 7961G-GE VoIP phone,2252.432,-119.11899999999974,15
"Elite Letter Opener, Easy Grip",2248.841,66.13100000000003,99
"SAFCO Bag Chairs, Black",2247.7047999999995,-58.575199999999874,70
"Rubbermaid Photo Frame, Erganomic",2243.4798,191.2698,53
"Belkin Mouse, USB",2242.1432,338.3132000000001,69
Plantronics S12 Corded Telephone Headset System,2242.032,754.53,23
BPI Conference Tables,2241.8675000000003,-795.9725000000003,26
"Cuisinart Blender, Black",2239.2396,-100.3604,41
"StarTech Calculator, Red",2236.8671,392.36710000000005,65
"Advantus Clock, Durable",2233.776,96.596,56
"Acme Shears, Easy Grip",2229.105,-247.69499999999994,69
"Binney & Smith Highlighters, Water Color",2228.6721000000002,709.6220999999999,132
"Sanford Markers, Easy-Erase",2227.344,114.02399999999999,111
Plantronics HL10 Handset Lifter,2227.008,250.53839999999977,24
Konftel 250 Conference phone - Charcoal black,2221.596,324.69480000000004,9
Avanti 1.7 Cu. Ft. Refrigerator,2221.56,476.6256,24
"Binney & Smith Markers, Easy-Erase",2215.542,606.1020000000001,111
"Hoover Blender, Silver",2215.476,737.226,24
"Tenex Photo Frame, Duo Pack",2214.5730000000003,554.5329999999999,57
"Logitech Mouse, Bluetooth",2211.1280000000006,466.32799999999986,90
"Ames Interoffice Envelope, with clear poly window",2210.786,169.63600000000002,56
"GlobeWeis Mailers, Recycled",2209.2525,573.4124999999999,77
Office Star - Ergonomic Mid Back Chair with 2-Way Adjustable Arms,2207.956,231.65440000000024,13
"Rogers Folders, Wire Frame",2206.6047999999996,61.274800000000056,92
"Global Value Steno Chair, Gray",2204.862,245.99700000000007,43
"GlobeWeis Manila Envelope, Set of 50",2203.7994,463.83939999999996,96
Office Star - Mesh Screen back chair with Vinyl seat,2200.464,-130.98000000000008,20
"Enermax Cards & Envelopes, Premium",2199.57,354.69,57
"Fiskars Shears, Serrated",2198.2294,326.3694,66
"Hamilton Beach Coffee Grinder, Red",2192.724,508.0439999999999,62
"3M Polarizing Task Lamp with Clamp Arm, Light Gray",2191.68,569.8368,16
"Eldon Photo Frame, Erganomic",2188.2652,-75.75480000000012,59
"Belkin Flash Drive, USB",2186.18,591.98,66
"Global Push Button Manager's Chair, Indigo",2185.951,283.74739999999986,44
"Xerox Note Cards, Premium",2184.6666,477.3666,93
"Stiletto Trimmer, Steel",2182.1055,422.90549999999996,71
"Binney & Smith Markers, Blue",2180.1449999999995,260.4450000000001,113
"Hamilton Beach Blender, Silver",2179.2704000000003,-59.289600000000036,36
"Boston Markers, Fluorescent",2169.876,154.12599999999998,97
"Sanford Markers, Fluorescent",2166.5206,504.6706,108
"SanDisk Cards & Envelopes, 8.5 x 11",2163.7200000000003,137.43,48
Jabra Supreme Plus Driver Edition Headset,2159.82,259.17839999999995,22
Razer Kraken PRO Over Ear PC and Music Headset,2159.73,479.9399999999998,30
Logitech G35 7.1-Channel Surround Sound Headset,2157.8340000000003,699.3462000000002,17
Samsung Galaxy Note 3,2155.902,153.99299999999974,13
"Logitech Flash Drive, USB",2155.7247999999995,567.7848,85
Sauder Inglewood Library Bookcases,2154.348,311.1836,14
"Cuisinart Blender, Silver",2154.1320000000005,185.232,37
"Breville Toaster, Black",2152.224,262.25399999999996,37
"Tenex Door Stop, Duo Pack",2150.034,500.06399999999996,54
"Chromcraft Training Table, with Bottom Storage",2146.2084,-536.8416,12
"Chromcraft Training Table, Rectangular",2141.9105999999997,-1108.2094,14
KI Conference Tables,2140.878,-479.2163999999998,44
"KitchenAid Toaster, Red",2135.844,608.044,31
"Stockwell Clamps, Assorted Sizes",2133.8379999999997,565.278,160
"Cameo Interoffice Envelope, with clear poly window",2124.5995000000003,-105.80050000000006,59
"Tenex Folders, Wire Frame",2122.008,705.168,121
"Breville Blender, Silver",2120.64,287.13,34
"Enermax Note Cards, Multicolor",2118.5536,102.0136,84
Mitel 5320 IP Phone VoIP phone,2116.688,211.6688000000001,14
"Elite Letter Opener, High Speed",2107.075,375.3650000000001,112
"Cameo Interoffice Envelope, Security-Tint",2105.6497,293.0197,57
"Rubbermaid Photo Frame, Black",2104.5,166.85999999999996,48
"Deflect-O Photo Frame, Durable",2100.4018,175.15180000000004,56
Imation Bio 2GB USB Flash Drive Imation Corp,2098.88,881.5296000000001,16
Laminate Occasional Tables,2096.168,-206.53420000000023,18
"Kleencut Shears, Easy Grip",2093.0288,171.6388,56
"Sharp Personal Copier, Color",2085.5296000000003,-134.7704000000001,29
"Stockwell Clamps, Bulk Pack",2084.8059,183.68589999999998,128
"BIC Highlighters, Blue",2082.3,673.29,136
"Lesro Training Table, with Bottom Storage",2073.344,-7.2159999999997915,12
"Panasonic Calculator, Red",2072.691,604.491,48
"KitchenAid Coffee Grinder, Red",2071.1133,540.9933,32
"Bevis Wood Table, Fully Assembled",2065.4088,-171.33119999999985,7
"Rubbermaid ClusterMat Chairmats, Mat Size- 66"" x 60"", Lip 20"" x 11"" -90 Degree Angle",2064.228,-173.1288,24
Cisco SPA 502G IP Phone,2063.14,299.875,21
"Tenex Chairmat w/ Average Lip, 45"" x 53""",2058.496,-529.7600000000002,19
"Panasonic Calculator, Durable",2049.264,-163.026,51
"Epson Phone, Red",2048.0460000000003,214.58599999999998,30
"Breville Blender, Black",2041.7259999999999,-18.414000000000016,29
HTC One Mini,2041.038,317.4948000000001,19
Hon 2111 Invitation Series Straight Table,2040.054,-115.30740000000009,18
"Tenex Photo Frame, Black",2037.3120000000001,490.42199999999997,46
"Acco Binder Covers, Recycled",2036.268,410.34799999999996,176
"Bevis Traditional Conference Table Top, Plinth Base",2033.496,-456.70320000000004,9
Global Enterprise Series Seating High-Back Swivel/Tilt Chairs,2032.3500000000001,-460.6660000000002,10
"Okidata Calculator, Durable",2028.2669999999998,159.67700000000002,44
"GlobeWeis Interoffice Envelope, Security-Tint",2028.051,138.06099999999998,57
Jawbone MINI JAMBOX Wireless Bluetooth Speaker,2027.304,-339.71040000000016,18
"Rogers Box, Single Width",2027.2,-19.040000000000035,119
Jawbone JAMBOX Wireless Bluetooth Speaker,2022.2720000000002,872.1048000000001,14
Jabra SPEAK 410 Multidevice Speakerphone,2018.7020000000002,10.299499999999895,13
"Acco Binder, Economy",2017.374,353.39399999999995,162
Ooma Telo VoIP Home Phone System,2015.84,314.975,18
"GlobeWeis Interoffice Envelope, Recycled",2014.9164,503.3164,58
"Ames Manila Envelope, Security-Tint",2012.1549000000002,602.3049,90
Okidata C610n Printer,2011.9,-292.05000000000024,5
"Xerox Cards & Envelopes, Multicolor",2009.8000000000002,215.84,49
"Hon Bag Chairs, Black",2006.7008,-258.3592,63
"Jiffy Mailers, with clear poly window",2006.0531,530.5731,66
"Belkin Mouse, Programmable",2005.2564,40.02639999999995,63
"Rogers Box, Wire Frame",2004.48,71.74000000000001,109
"SanDisk Flash Drive, Programmable",2003.1624,257.48239999999987,62
Logitech G602 Wireless Gaming Mouse,1999.75,515.1356,29
"GlobeWeis Mailers, with clear poly window",1997.3108,155.79080000000002,68
"Okidata Phone, Red",1995.0,719.8800000000001,25
"Rubbermaid Door Stop, Durable",1993.7289,124.90889999999999,62
"BIC Markers, Blue",1992.9982,308.03819999999996,94
Adtran 1202752G1,1990.6419999999998,312.45520000000005,18
"SanDisk Flash Drive, USB",1988.1624999999995,30.66250000000001,63
"Ativa D5772 2-Line 5.8GHz Digital Expandable Corded/Cordless Phone System with Answering & Caller ID/Call Waiting, Black/Silver",1979.88,593.9639999999998,12
"Global Value Mid-Back Manager's Chair, Gray",1978.9250000000002,197.89249999999984,39
"Binney & Smith Pencil Sharpener, Fluorescent",1977.9361000000001,78.58609999999994,87
"Deflect-O Door Stop, Durable",1974.553,578.6329999999999,55
"Green Bar Computer Printout Paper, 8.5 x 11",1972.5280000000002,149.968,73
"Fiskars Box Cutter, Steel",1971.6996000000001,474.7296,69
"Cameo Mailers, Security-Tint",1970.1344000000001,262.6844,68
"KitchenAid Coffee Grinder, White",1962.2459999999996,545.6460000000001,33
"Tenex Clock, Erganomic",1961.316,769.176,45
"StarTech Receipt Printer, Durable",1959.3900000000003,52.27999999999999,23
"Acme Box Cutter, High Speed",1959.174,636.294,66
"Enermax Flash Drive, Bluetooth",1954.0696,130.72959999999998,65
Space Solutions Commercial Steel Shelving,1952.43,-74.34750000000021,33
Office Star Flex Back Scooter Chair with Aluminum Finish Frame,1947.1770000000001,413.64899999999994,20
"Kraft Manila Envelope, Security-Tint",1946.8971,-124.12289999999999,91
"Elite Box Cutter, Easy Grip",1946.8348999999996,14.964900000000053,70
Harmony Air Purifier,1946.7,374.2199999999998,13
AT&T 1080 Corded phone,1945.2580000000003,145.20940000000002,18
"Belkin Flash Drive, Erganomic",1942.5825,-30.787500000000012,60
"Nokia Office Telephone, VoIP",1939.208,158.96799999999996,46
AT&T CL83451 4-Handset Telephone,1936.306,473.77699999999993,10
"Jiffy Business Envelopes, Recycled",1936.2372,174.50719999999998,150
"Eldon Door Stop, Duo Pack",1935.1440000000002,298.9639999999999,54
"Rubbermaid Stacking Tray, Black",1933.5960000000002,340.11600000000004,89
"Kleencut Trimmer, High Speed",1928.0141,292.7841,62
Imation Secure+ Hardware Encrypted USB 2.0 Flash Drive; 16GB,1926.9360000000001,408.7439999999999,32
"Ames Mailers, Recycled",1926.078,48.58800000000005,80
"GlobeWeis Mailers, Set of 50",1923.645,247.81499999999997,67
"Motorola Office Telephone, with Caller ID",1922.9288,-210.70119999999994,44
"Deflect-O Stacking Tray, Erganomic",1922.8808000000001,-91.33920000000002,115
"Cardinal Index Tab, Clear",1922.8301999999999,556.3702000000001,337
Logitech Mobile Speakerphone P710e - speaker phone,1916.716,241.6141999999999,17
"Stiletto Shears, Easy Grip",1915.492,461.572,43
"Kleencut Box Cutter, Steel",1915.3124999999998,27.022500000000008,73
"Fiskars Box Cutter, High Speed",1914.7648,-108.03520000000002,68
"Deflect-O Photo Frame, Duo Pack",1914.7259999999999,364.806,48
Plantronics Audio 995 Wireless Stereo Headset,1913.13,587.1329999999999,18
"O'Sullivan Elevations Bookcase, Cherry Finish",1912.308,-68.10959999999994,18
"Binney & Smith Pens, Water Color",1911.5712,631.9011999999999,151
"Sauder Camden County Collection Libraries, Planked Cherry Finish",1909.8178,-78.18640000000018,19
"Tenex Box, Industrial",1909.2312,434.6512,137
"Okidata Phone, Wireless",1906.3574999999998,670.9575,26
"Breville Coffee Grinder, Silver",1905.431,393.991,42
Polycom SoundPoint Pro SE-225 Corded phone,1903.84,276.05679999999995,19
Bestar Classic Bookcase,1897.8102,-612.9387,31
"BIC Pens, Water Color",1895.0502000000001,504.76019999999994,131
"Kraft Interoffice Envelope, Recycled",1894.0272,412.7772,50
"Advantus Photo Frame, Durable",1891.7115999999999,64.77160000000006,51
Novimex Fabric Task Chair,1890.3799999999999,-131.10700000000003,39
NETGEAR N750 Dual Band Wi-Fi Gigabit Router,1890.0,622.8,22
Multicolor Computer Printout Paper,1887.2999999999997,851.382,19
"Rubbermaid Clock, Duo Pack",1886.5980000000002,-7.6320000000000405,49
"Memorex Mouse, Bluetooth",1882.2255000000002,-61.844500000000025,82
"Elite Shears, High Speed",1881.9669999999999,-3.0529999999999724,55
Nortel Networks T7316 E Nt8 B27,1876.524,397.7415000000001,29
"Stiletto Trimmer, High Speed",1875.7275000000004,24.427499999999963,58
"Sauder Forest Hills Library, Woodland Oak Finish",1875.034,-70.48999999999992,15
"Elite Shears, Steel",1874.6545999999998,51.73459999999999,55
"Memorex Numeric Keypad, USB",1865.7774000000002,-243.08260000000013,72
"Acco Binder, Durable",1863.6899999999998,525.21,137
"Acme Scissors, Serrated",1861.974,111.43399999999998,96
"Recycled Data-Pak for Archival Bound Computer Printouts, 12-1/2 x 12-1/2 x 16",1857.2520000000002,414.91799999999995,20
"Enermax Cards & Envelopes, 8.5 x 11",1850.2764000000004,392.6363999999999,51
"Logitech Flash Drive, Programmable",1848.0439999999996,466.5040000000001,71
Office Star - Contemporary Task Swivel Chair,1842.268,155.37199999999996,20
"Cuisinart Blender, White",1841.4422,182.23219999999995,40
"Wilson Jones Binder, Durable",1834.36,-4.750000000000011,154
"Logitech Numeric Keypad, Bluetooth",1834.2720000000002,362.54200000000003,47
"Ames Mailers, Set of 50",1831.935,324.735,59
"Padded Folding Chairs, Black, 4/Carton",1830.1480000000001,80.98000000000015,30
"Konica Phone, Durable",1829.772,45.462000000000046,31
"Rubbermaid Clock, Black",1825.6568000000002,709.6967999999999,50
"Eaton Cards & Envelopes, Multicolor",1824.3091000000002,483.19910000000004,45
"Tenex Folders, Industrial",1821.74,-57.66000000000003,94
"Bevis Coffee Table, Fully Assembled",1816.6775,-213.2125,11
"Jiffy Manila Envelope, with clear poly window",1816.4385,328.17850000000004,87
"StarTech Phone, Durable",1813.752,-495.858,34
"Eaton Note Cards, 8.5 x 11",1811.4745,282.4044999999999,81
"Hamilton Beach Toaster, Silver",1809.3614,349.60139999999996,39
"Ibico Index Tab, Clear",1807.1811,125.64109999999998,251
"Eldon Clock, Erganomic",1804.9160000000002,702.746,41
LG G3,1803.1080000000002,411.5789999999999,10
"Stiletto Trimmer, Easy Grip",1802.901,581.941,46
Logitech Wireless Performance Mouse MX for PC and Mac,1799.82,497.9502,21
"Green Bar Cards & Envelopes, Recycled",1793.5400000000002,270.79999999999995,50
"Stiletto Letter Opener, Steel",1791.8824000000004,287.89239999999995,93
"Bevis Coffee Table, Rectangular",1789.25,-68.45000000000006,10
"Kraft Mailers, Set of 50",1788.7515000000003,163.36149999999998,62
"Deflect-O Door Stop, Duo Pack",1788.4197,475.34970000000004,50
Xerox 189,1782.4499999999998,746.5319999999999,19
"Cuisinart Toaster, Silver",1781.1599000000003,352.1699,38
Belkin 5 Outlet SurgeMaster Power Centers,1776.048,207.02400000000011,40
Office Star Flex Back Scooter Chair with White Frame,1775.6800000000003,-228.61880000000002,21
Bevis Steel Folding Chairs,1775.075,117.05899999999995,24
"Panasonic Calculator, White",1773.1275,363.00749999999994,43
"Jiffy Interoffice Envelope, with clear poly window",1772.7906,320.62059999999997,49
"Wilson Jones Binder Covers, Recycled",1772.0394999999999,303.20950000000005,179
GE 2-Jack Phone Line Splitter,1771.5140000000001,94.75539999999992,11
Global Deluxe Steno Chair,1770.5400000000002,-216.31380000000013,29
Tennsco Regal Shelving Units,1764.534,-6.0846000000000515,18
"Ibico 3-Hole Punch, Economy",1762.6490000000001,515.969,82
Honeywell Quietcare HEPA Air Cleaner,1761.76,549.7634999999999,23
"Global Geo Office Task Chair, Gray",1757.266,-166.0090000000002,25
"Enermax Cards & Envelopes, Multicolor",1753.6365000000003,166.36649999999997,45
"SanDisk Mouse, Bluetooth",1751.4055,57.61549999999998,62
"Hon Conference Table, with Bottom Storage",1750.8120000000001,-820.1479999999999,5
"Advantus Door Stop, Duo Pack",1748.8908000000001,4.000800000000027,51
Global Low Back Tilter Chair,1746.9540000000002,-246.39120000000025,21
"Kraft Mailers, with clear poly window",1746.456,449.37600000000003,49
"SanDisk Mouse, Erganomic",1745.4388,300.3088,54
"Stanley Pencil Sharpener, Easy-Erase",1741.0344,496.0144000000001,84
Xerox 1941,1740.5099999999998,704.592,19
AT&T TR1909W,1738.6619999999998,340.17300000000006,15
"Kraft Mailers, Security-Tint",1730.1600000000003,168.59999999999997,56
"GlobeWeis Manila Envelope, Security-Tint",1729.806,-155.964,73
Jabra BIZ 2300 Duo QD Duo Corded Headset,1727.064,129.5297999999999,17
"Smead Folders, Wire Frame",1725.8832,-2.356799999999998,121
"Konica Calculator, Wireless",1724.2699,534.9499,46
"KitchenAid Toaster, Silver",1724.269,531.049,24
First Data FD10 PIN Pad,1722.2,15.799999999999788,24
"Eldon Stacking Tray, Duo Pack",1721.9135999999999,34.593600000000016,72
"Ibico Binder Covers, Clear",1721.78,86.98999999999998,156
"Fellowes Box, Blue",1721.5408,192.7008,122
"Eldon Photo Frame, Durable",1720.1842000000001,266.1241999999999,42
"Sanford Highlighters, Water Color",1716.6355,459.07550000000003,108
"SanDisk Parchment Paper, Multicolor",1713.9707999999998,387.73080000000004,130
"Smead Folders, Blue",1713.4370000000001,-8.343000000000064,123
"Deflect-O Stacking Tray, Black",1713.0685,275.12850000000003,89
Xerox 1908,1712.9879999999998,799.3944,32
"Kraft Interoffice Envelope, with clear poly window",1711.7714,476.0414,48
"Boston Highlighters, Easy-Erase",1711.4349999999997,228.80499999999998,105
"Rogers Folders, Single Width",1710.8991999999996,51.32920000000004,67
"Stockwell Rubber Bands, Metal",1708.7149,495.7049,129
"Sauder Facets Collection Locker/File Cabinet, Sky Alder Finish",1706.5080000000003,222.5879999999999,5
BoxOffice By Design Rectangular and Half-Moon Meeting Room Tables,1706.25,-1148.4375,15
Kensington Orbit Wireless Mobile Trackball for PC and Mac,1703.7160000000001,357.54039999999986,33
"Rogers Box, Industrial",1699.112,-223.89800000000005,92
"Sanford Markers, Blue",1698.5674999999999,22.567500000000067,90
Xerox 1945,1696.986,756.2655,45
"Ames Mailers, with clear poly window",1695.083,364.433,53
"Acco Binder Covers, Clear",1691.1774,375.2874,169
Kensington Expert Mouse Optical USB Trackball for PC or Mac,1690.8220000000001,360.9619999999997,20
"Global Leather & Oak Executive Chair, Burgundy",1689.9679999999998,-114.67639999999993,13
Hon Comfortask Task/Swivel Chairs,1686.9040000000002,-36.473600000000005,18
Deflect-o DuraMat Antistatic Studded Beveled Mat for Medium Pile Carpeting,1685.44,244.38879999999997,18
ClearOne Communications CHAT 70 OC Speaker Phone,1685.294,273.4628,12
"Stiletto Shears, Serrated",1685.1491,422.18909999999994,48
"Binney & Smith Highlighters, Fluorescent",1682.0649999999998,24.12500000000002,106
Polycom CX300 Desktop Phone USB VoIP phone,1679.8880000000001,59.99600000000001,15
"Xerox Computer Printout Paper, 8.5 x 11",1677.3144,65.5044,72
"Ames Mailers, Security-Tint",1677.2625,360.11249999999995,67
"Eureka The Boss Plus 12-Amp Hard Box Upright Vacuum, Red",1674.4,146.50999999999988,20
"Advantus Stacking Tray, Durable",1672.7370000000003,342.777,74
"Tenex Door Stop, Black",1671.3312,-220.10880000000006,56
"Elite Shears, Serrated",1666.808,-13.192000000000002,55
Panasonic KX TS3282W Corded phone,1665.804,178.4789999999998,25
"Hon Conference Table, Fully Assembled",1661.31,-83.07,3
"Sanford Highlighters, Blue",1661.2049999999997,205.24500000000003,126
"BIC Highlighters, Easy-Erase",1651.7120000000002,359.912,91
"Acco Binder Covers, Economy",1650.4368,364.8168,145
"Logitech Flash Drive, Bluetooth",1650.2858999999999,486.0659,66
"Avery Binder, Clear",1648.5356,158.0756,164
"Cameo Manila Envelope, Set of 50",1647.0,80.19,78
O'Sullivan Manor Hill 2-Door Library in Brianna Oak,1646.918,-285.9483999999999,12
"SanDisk Mouse, Programmable",1644.6838,-27.74619999999999,58
"Cameo Business Envelopes, Recycled",1644.2595000000001,157.13949999999997,113
"Kraft Mailers, Recycled",1643.8950000000002,261.65500000000003,60
"Stockwell Thumb Tacks, Bulk Pack",1642.2295,324.95950000000005,159
Enermax Aurora Lite Keyboard,1641.1499999999999,722.1060000000003,21
"BIC Highlighters, Fluorescent",1640.0337,296.0937,92
"Ibico Binder Covers, Recycled",1639.9639,216.6139,131
"Eldon Stacking Tray, Durable",1639.0484999999999,210.4185,70
"Howard Miller 14-1/2"" Diameter Chrome Round Wall Clock",1636.864,375.9672,29
"Eldon Photo Frame, Black",1636.3776,240.0276,37
"Advantus Door Stop, Durable",1636.134,7.914000000000005,68
"Carina 42""Hx23 3/4""W Media Storage Unit",1635.796,-110.13279999999989,22
"Green Bar Message Books, 8.5 x 11",1635.6739,229.1539,76
"Acco Binder, Clear",1634.9077,422.06770000000006,130
"Elite Trimmer, High Speed",1634.4363,142.0763,48
Motorola Moto X,1631.952,142.79580000000004,6
"Eaton Cards & Envelopes, 8.5 x 11",1624.2720000000002,169.632,41
"Deflect-o RollaMat Studded, Beveled Mat for Medium Pile Carpeting",1623.248,-343.0956000000001,26
"Barricks Round Table, Rectangular",1622.0100000000002,-623.94,5
Panasonic KX MC6040 Color Laser Multifunction Printer,1619.82,-22.49750000000006,5
Plantronics Audio 478 Stereo USB Headset,1619.676,514.8969999999999,34
"Boston Highlighters, Fluorescent",1618.2506999999996,239.36070000000004,98
"Boston Pens, Fluorescent",1618.176,191.61599999999999,122
"Hunt PowerHouse Electric Pencil Sharpener, Blue",1617.9479999999999,448.16399999999976,44
"Cardinal Binder, Recycled",1616.1463999999999,141.05640000000005,143
"Acme Scissors, Easy Grip",1616.1134,240.29340000000002,78
Logitech G600 MMO Gaming Mouse,1615.798,540.7324,21
AT&T 841000 Phone,1614.6,165.59999999999997,28
"Stanley Highlighters, Water Color",1613.372,479.872,98
"Ibico Binder, Durable",1610.4397999999997,83.25980000000004,110
"Cameo Manila Envelope, Security-Tint",1608.964,612.8439999999999,62
"SanDisk Cards & Envelopes, Multicolor",1607.848,187.468,40
"Fellowes Folders, Wire Frame",1607.3267999999998,87.5268000000001,79
"Acme Scissors, High Speed",1602.72,162.96,76
"Kleencut Shears, High Speed",1601.093,-110.34699999999995,50
"Avery 3-Hole Punch, Economy",1600.6670000000004,519.247,71
"Okidata Phone, Durable",1600.2479999999998,-59.712,23
"Tenex Door Stop, Erganomic",1600.2181000000003,156.61809999999994,44
"Kraft Business Envelopes, Recycled",1590.9436,203.0236,124
"Iceberg Nesting Folding Chair, 19w x 6d x 43h",1589.406,253.8392,31
AT&T 1080 Phone,1589.0840000000003,271.24019999999996,13
"Ibico Binder Covers, Economy",1585.675,240.745,130
Mophie Juice Pack Helium for iPhone,1583.802,201.57479999999995,24
"Memorex Flash Drive, Bluetooth",1581.72,124.47999999999998,77
Deflect-o Glass Clear Studded Chair Mats,1579.3719999999998,318.3616,26
"Elite Box Cutter, High Speed",1579.0051,212.51510000000002,57
"Hamilton Beach Toaster, White",1576.9355,420.9855,39
Microsoft Sculpt Comfort Mouse,1574.03,634.4060000000001,42
GBC ProClick Punch Binding System,1573.908,562.3842000000001,31
"Stockwell Thumb Tacks, 12 Pack",1573.6281000000001,238.40810000000002,170
"Hon Metal Bookcases, Black",1570.0776,-26.972399999999936,30
"Rogers Folders, Blue",1566.7245,-132.75549999999998,74
Xerox 1919,1565.818,729.622,40
"Fiskars Trimmer, High Speed",1565.1000000000001,184.79999999999998,44
"Logitech Mouse, USB",1563.4615000000001,194.13150000000002,63
Cameo Buff Policy Envelopes,1555.75,632.2567999999999,28
"Ames Interoffice Envelope, Recycled",1554.0359999999998,62.11600000000004,47
"Rubbermaid Door Stop, Erganomic",1553.4204000000004,492.9203999999999,43
"Xerox Message Books, 8.5 x 11",1553.0353,44.76530000000001,82
"Green Bar Memo Slips, 8.5 x 11",1550.4665,653.1965,83
"Stockwell Clamps, Metal",1550.45,-129.17000000000007,111
"Avery Binder Covers, Durable",1548.3307,171.8407,150
"Kleencut Box Cutter, Serrated",1547.018,247.958,58
"Sanford Highlighters, Easy-Erase",1546.2504000000001,-48.9996,110
Luxo Adjustable Task Clamp Lamp,1545.816,362.4672,18
"Advantus Stacking Tray, Black",1545.3621,415.2621,76
"Stockwell Rubber Bands, Bulk Pack",1544.7854,278.1654,124
"Eaton Message Books, Recycled",1543.1701999999998,317.1902,93
"Xerox Computer Printout Paper, Recycled",1540.875,248.55499999999998,75
"Eldon Folders, Wire Frame",1539.195,193.175,115
Avaya 5420 Digital phone,1538.886,323.976,12
"Eldon Folders, Blue",1535.6712,146.6412,105
"Acme Box Cutter, Serrated",1533.18,-81.86000000000001,77
"SanDisk Message Books, Premium",1526.068,81.26799999999999,79
Eureka Sanitaire  Commercial Upright,1524.5320000000002,53.02720000000002,12
"Memorex Flash Drive, Programmable",1522.649,299.18899999999996,65
"Hon Round Table, Fully Assembled",1517.6480000000001,-414.0319999999999,8
"Panasonic Phone, White",1515.15,-71.18999999999997,21
"Fiskars Box Cutter, Easy Grip",1514.074,159.084,58
"Avery Binder, Economy",1512.697,392.387,143
"Fellowes Box, Single Width",1504.6614,-242.79860000000002,109
"SanDisk Message Books, 8.5 x 11",1502.1044000000002,429.5344,68
Harbour Creations 67200 Series Stacking Chairs,1501.8980000000001,254.8244,24
LG G2,1499.9699999999998,-374.99250000000006,5
"Hamilton Beach Toaster, Black",1499.42,204.5,31
Microsoft Natural Keyboard Elite,1497.0000000000002,20.957999999999977,29
"Tenex Box, Blue",1493.8,62.02000000000001,113
Sony Micro Vault Click 16 GB USB 2.0 Flash Drive,1489.334,255.3144000000001,29
"Acco Binder Covers, Durable",1488.422,342.022,121
"Panasonic Calculator, Wireless",1488.288,-60.94200000000002,34
"Stanley Markers, Blue",1486.068,49.127999999999986,85
"Stockwell Push Pins, 12 Pack",1481.3566,121.11659999999999,155
"Avery Binder Covers, Recycled",1477.3274999999999,501.1075,163
"Kleencut Trimmer, Serrated",1475.3768,161.13679999999997,46
Hon 4-Shelf Metal Bookcases,1474.308,-191.86199999999985,22
"Hamilton Beach Toaster, Red",1473.4062,222.16619999999998,29
"Bush Westfield Collection Bookcases, Fully Assembled",1473.2982000000002,73.71539999999987,18
Kensington 7 Outlet MasterPiece Power Center with Fax/Phone Line Protection,1473.108,311.21999999999974,8
"Lesro Coffee Table, Rectangular",1472.463,-793.6769999999999,10
"SanDisk Flash Drive, Erganomic",1470.4695,3.66950000000001,55
"Tenex ""The Solids"" Textured Chair Mats",1469.1599999999999,-40.57680000000013,26
"Plantronics CS 50-USB - headset - Convertible, Monaural",1468.6920000000002,178.14690000000004,13
"Mini 13-1/2 Capacity Data Binder Rack, Pearl",1465.7440000000001,287.914,12
"Cameo Manila Envelope, Recycled",1463.118,434.358,72
"Acco Index Tab, Clear",1461.8054,309.1154,228
"Cardinal Binder, Clear",1458.7104,133.37040000000002,135
"Memorex Mouse, USB",1457.7859999999998,-84.89399999999995,73
"Boston Pens, Blue",1457.6448,-61.805200000000006,114
"Green Bar Parchment Paper, 8.5 x 11",1457.2612,579.5412,76
"Smead Folders, Single Width",1456.0872,281.6672,110
"Cuisinart Toaster, White",1451.6800000000003,177.2299999999999,41
"Global Leather Task Chair, Black",1448.839,63.89289999999978,19
"Fiskars Scissors, Steel",1448.0512,378.03119999999996,79
"SAFCO Commercial Wire Shelving, 72h",1445.2640000000001,-24.496,24
"StarTech Phone, Red",1442.956,507.856,24
"Chromcraft Coffee Table, Rectangular",1442.397,-238.32299999999992,11
"Cardinal Binder, Economy",1442.1001999999999,356.1702,134
"GlobeWeis Manila Envelope, Recycled",1441.6722000000002,140.33220000000006,79
Nokia Lumia 1020,1439.968,143.99680000000006,4
"Leather Task Chair, Black",1437.4840000000002,54.58799999999997,19
"Bush Andora Conference Table, Maple/Graphite Gray Finish",1436.232,-143.62319999999997,12
Xerox 1893,1434.65,619.3589,39
"Eaton Note Cards, Multicolor",1434.624,209.42399999999998,66
"Stiletto Scissors, Easy Grip",1434.4937,67.26370000000001,71
"Green Bar Computer Printout Paper, Multicolor",1434.3395,101.7295,58
"OIC Clamps, Bulk Pack",1432.6660000000002,338.056,87
Eldon Antistatic Chair Mats for Low to Medium Pile Carpets,1431.9440000000002,46.32759999999988,14
"SanDisk Computer Printout Paper, Multicolor",1431.664,255.66400000000002,52
"Tenex Door Stop, Durable",1429.7448,-521.9151999999999,56
"Eldon Light Bulb, Duo Pack",1429.7160000000001,430.716,75
"GlobeWeis Manila Envelope, with clear poly window",1428.6567,201.0167,59
"Sauder Facets Collection Library, Sky Alder Finish",1427.683,-8.54900000000007,10
"Bush Westfield Collection Bookcases, Medium Cherry Finish",1426.8878,-20.292999999999967,32
Fellowes Bankers Box Stor/Drawer Steel Plus,1426.308,-12.792000000000016,50
"Stiletto Scissors, Steel",1424.7025,3.4025000000000514,84
"Enermax Computer Printout Paper, 8.5 x 11",1421.5786,199.83859999999999,57
Global Deluxe Office Fabric Chairs,1420.5040000000001,229.39220000000012,17
"Stockwell Rubber Bands, Assorted Sizes",1417.8806,292.3106,128
"Eaton Message Books, Multicolor",1416.156,492.856,77
"Acme Letter Opener, Serrated",1416.0939,301.6439,68
"Tenex Photo Frame, Durable",1412.8317,132.2217,47
"Chromcraft Computer Table, Rectangular",1411.2,405.7200000000001,6
"Deflect-O Photo Frame, Erganomic",1411.192,293.332,37
"BIC Pens, Easy-Erase",1410.7195,164.57950000000002,112
Logitech Wireless Marathon Mouse M705,1409.718,554.8890000000001,30
Logitech 910-002974 M325 Wireless Mouse for Web Scrolling,1409.53,536.2212000000002,52
"Hoover Coffee Grinder, Black",1408.743,576.833,23
"Acco Binder, Recycled",1406.757,-5.2830000000000075,114
"SanDisk Memo Slips, 8.5 x 11",1406.4512000000002,258.77119999999996,88
"GlobeWeis Peel and Seal, with clear poly window",1404.6392999999998,142.00929999999997,69
"Belkin 19"" Vented Equipment Shelf, Black",1400.256,-179.66519999999997,31
Logitech G500s Laser Gaming Mouse with Adjustable Weight Tuning,1399.8,429.7386,21
"Global Armless Task Chair, Royal Blue",1396.4419999999998,-20.733200000000025,28
"Rubbermaid Light Bulb, Erganomic",1396.3926,307.21260000000007,98
Hewlett-Packard Deskjet 6540 Color Inkjet Printer,1396.21,139.62099999999992,6
Avaya IP Phone 1140E VoIP phone,1394.95,362.687,5
"SanDisk Message Books, Multicolor",1392.1073000000001,26.3373,67
Cisco CP-7937G Unified IP Conference Station Phone,1391.4,-55.65599999999994,4
Cisco IP Phone 7961G VoIP phone - Dark gray,1386.69,228.39599999999987,12
Samsung Rugby III,1385.79,229.64520000000007,24
"Memorex Mouse, Erganomic",1384.2144,-56.295599999999986,74
"Holmes Replacement Filter for HEPA Air Cleaner, Very Large Room, HEPA Filter",1383.0810000000001,381.2074,26
"Enermax Message Books, Multicolor",1382.795,194.54499999999993,79
Cisco SPA525G2 5-Line IP Phone,1379.92,648.5624,8
"Belkin 325VA UPS Surge Protector, 6'",1379.172,199.61700000000002,13
"Boston Highlighters, Blue",1378.4534999999998,238.69350000000006,93
"Advantus Paper Clips, Assorted Sizes",1377.594,147.12399999999997,139
"Cameo Manila Envelope, with clear poly window",1377.354,349.974,60
"StarTech Calculator, Durable",1376.7479999999998,29.628000000000007,39
"Advantus Clamps, Assorted Sizes",1376.6976000000002,-114.2024,112
"GlobeWeis Interoffice Envelope, with clear poly window",1376.1055999999999,25.155600000000003,36
"Belkin Flash Drive, Bluetooth",1374.0942,364.6742,41
"Enermax Message Books, Recycled",1372.8366,419.7966,74
Sauder Camden County Collection Library,1368.262,-103.48200000000011,16
"Chromcraft Coffee Table, with Bottom Storage",1367.5008000000003,-312.5592000000001,7
"StarTech Calculator, Wireless",1366.632,-110.358,41
"Xerox Computer Printout Paper, Multicolor",1365.3,278.92,61
"SanDisk Computer Printout Paper, Recycled",1364.715,330.135,61
"Cuisinart Coffee Grinder, Black",1364.368,352.44800000000004,43
"Ibico Binder Covers, Durable",1363.5,128.25,111
Safco Industrial Wire Shelving,1363.058,-126.7068,16
"GlobeWeis Peel and Seal, Set of 50",1361.6161,199.90609999999998,76
Ames Color-File Green Diamond Border X-ray Mailers,1360.476,559.3068,18
Airmail Envelopes,1359.6660000000002,514.4909,19
Plantronics Voyager Pro Legend,1359.534,173.03159999999994,8
"Cameo Mailers, Set of 50",1358.2416,264.35159999999996,52
"Avery Binder, Durable",1357.296,-89.074,109
"Ibico Binder, Recycled",1354.2143999999998,101.77440000000001,119
"Stanley Highlighters, Fluorescent",1352.2376,458.1576,93
"Stanley Highlighters, Easy-Erase",1345.0046000000002,108.7046,113
DYMO CardScan Personal V9 Business Card Scanner,1343.9160000000002,463.97100000000006,11
Novimex Turbo Task Chair,1341.5220000000002,-32.650800000000004,22
Apple iPhone 5C,1339.866,229.97699999999998,15
AT&T 17929 Lendline Telephone,1339.104,167.38799999999998,35
"Kleencut Scissors, Steel",1334.6580000000001,128.628,79
"Deflect-O Stacking Tray, Durable",1331.94,-121.03999999999998,72
"Cuisinart Coffee Grinder, Silver",1330.8928,144.71280000000002,41
Luxo Professional Combination Clamp-On Lamps,1329.9,345.774,13
"Wilson Jones Binder Covers, Durable",1327.6700999999998,484.40010000000007,124
"Howard Miller 13-3/4"" Diameter Brushed Chrome Round Wall Clock",1324.8000000000002,201.82499999999996,31
"Binney & Smith Pens, Blue",1324.0664000000002,311.5064,135
"Green Bar Parchment Paper, Recycled",1323.1630999999998,322.8731,103
"Tenex Traditional Chairmats for Medium Pile Carpet, Standard Lip, 36"" x 48""",1322.17,172.246,24
"Tenex Folders, Blue",1322.1468,297.1368,79
"Cardinal Binder Covers, Durable",1321.29,405.99,109
Xerox 1891,1320.57,542.9009999999998,30
"Kraft Manila Envelope, Set of 50",1320.2616,-93.2184,70
"Hon Metal Bookcases, Putty",1320.228,362.70779999999996,19
Honeywell Enviracaire Portable HEPA Air Cleaner for up to 10 x 16 Room,1320.166,417.0244,12
Avery Arch Ring Binders,1318.8700000000001,87.14999999999982,40
"Accos Clamps, Bulk Pack",1317.8400000000001,490.71,76
"Avery Index Tab, Clear",1312.9488,221.5388,252
"Hoover Coffee Grinder, Silver",1311.9880000000003,446.96799999999996,24
Office Star - Ergonomically Designed Knee Chair,1311.8760000000002,-42.10959999999993,19
"Stockwell Push Pins, Assorted Sizes",1311.333,175.16299999999995,151
Nokia Lumia 925,1310.2959999999998,284.73740000000004,11
"Cardinal Binder Covers, Economy",1307.6,-90.4,131
"Fiskars Letter Opener, High Speed",1305.0075,116.9875,59
"StarTech Calculator, White",1304.1963,-240.56369999999998,47
Eldon Cleatmat Plus Chair Mats for High Pile Carpets,1304.128,-111.32800000000013,20
"SanDisk Memo Slips, Premium",1303.8376,360.3476,91
"Xerox Note Cards, 8.5 x 11",1303.794,-407.54599999999994,58
"Jiffy Interoffice Envelope, Security-Tint",1299.958,77.21799999999996,38
"Cardinal Binder, Durable",1299.473,107.06299999999999,96
"Smead Folders, Industrial",1296.2359999999999,244.01600000000005,92
"Hon 30"" x 60"" Table with Locking Drawer",1296.028,-177.35120000000003,6
"Epson Calculator, Wireless",1294.839,431.05899999999997,37
"Stiletto Scissors, High Speed",1291.3096,91.8696,66
GBC Recycled Regency Composition Covers,1291.248,451.9367999999999,26
"Kleencut Scissors, Serrated",1289.4210000000003,73.82099999999998,77
Fellowes Recycled Storage Drawers,1287.948,48.85319999999993,12
Star Micronics TSP800 TSP847IIU Receipt Printer,1286.85,360.3179999999999,4
Panasonic KX TS208W Corded phone,1283.538,154.8084000000001,32
Tennsco Industrial Shelving,1281.442,-108.58019999999998,29
"Ames Peel and Seal, Recycled",1279.4518,306.5518,91
White Computer Printout Paper by Universal,1279.08,547.6788,37
"Enermax Computer Printout Paper, Recycled",1276.154,66.574,53
"Ibico Binder, Clear",1272.7884,129.50840000000002,98
"Acme Shears, Steel",1272.4560000000001,84.90599999999995,37
"Kraft Peel and Seal, Security-Tint",1270.8528000000001,56.872799999999984,65
"Logitech Mouse, Erganomic",1270.5210000000002,-156.69900000000007,68
Luxo Professional Magnifying Clamp-On Fluorescent Lamps,1268.9220000000003,106.09020000000007,13
"Hon Deluxe Fabric Upholstered Stacking Chairs, Squared Back",1268.696,73.19399999999996,7
"Green Bar Message Books, Recycled",1267.1599999999999,343.59999999999997,63
"Breville Coffee Grinder, Red",1267.099,377.30899999999997,23
Tyvek Side-Opening Peel & Seel Expanding Envelopes,1266.72,570.024,14
"Fiskars Scissors, High Speed",1266.0800000000002,262.04,79
Bush Somerset Collection Bookcase,1263.9569999999999,-56.321399999999954,12
"Kleencut Letter Opener, High Speed",1262.142,318.462,55
"Eaton Message Books, 8.5 x 11",1261.5439999999999,465.31399999999996,61
"Stanley Pens, Water Color",1260.819,173.73899999999998,118
"Stiletto Letter Opener, High Speed",1260.7490000000003,-82.86100000000006,66
Panasonic KX T7736-B Digital phone,1259.58,134.95499999999998,10
"Accos Paper Clips, Assorted Sizes",1259.1615,-19.988499999999995,120
"Ames Interoffice Envelope, Set of 50",1255.84,67.57000000000006,52
"Stockwell Paper Clips, Bulk Pack",1254.687,338.277,112
"Green Bar Note Cards, 8.5 x 11",1253.142,368.222,52
"Sanford Pens, Fluorescent",1251.3676,168.08759999999998,129
Logitech G430 Surround Sound Gaming Headset with Dolby 7.1 Technology,1247.844,377.5528,17
"Cameo Business Envelopes, Security-Tint",1246.9550000000002,290.935,89
"Stiletto Ruler, Easy Grip",1246.3,226.39,94
Tripp Lite Isotel 6 Outlet Surge Protector with Fax/Modem Protection,1243.788,74.9930999999998,27
"Rubbermaid Door Stop, Black",1243.6280000000002,173.72799999999998,36
"Wilson Jones Binder, Recycled",1242.333,310.75300000000004,119
Hon Valutask Swivel Chairs,1242.054,139.35240000000005,13
"SAFCO Mobile Desk Side File, Wire Frame",1240.04,259.1256,31
"Stockwell Staples, Metal",1236.69,225.78,150
"Ibico Binder, Economy",1234.272,212.48200000000006,108
"Avery 4027 File Folder Labels for Dot Matrix Printers, 5000 Labels per Box, White",1233.412,524.5054,43
Maxell 4.7GB DVD-R,1231.692,411.2262,49
Xerox 1888,1231.656,539.2656,24
Hon 4060 Series Tables,1231.56,96.2855999999999,13
Blue Parrot B250XT Professional Grade Wireless Bluetooth Headset with,1229.836,127.48299999999989,21
Case Logic 2.4GHz Wireless Keyboard,1229.754,-11.997600000000158,27
"Xerox Note Cards, Recycled",1227.6264,164.8164,65
"Cuisinart Coffee Grinder, Red",1226.511,291.591,42
"Chromcraft Coffee Table, Fully Assembled",1226.4240000000002,-1960.696,19
Xerox 1917,1222.75,574.6925,25
Plantronics Voyager Pro HD - Bluetooth Headset,1221.812,376.942,25
"Panasonic Phone, Wireless",1220.2820000000002,-366.44800000000004,20
"Epson Calculator, Red",1220.1156,-5.684399999999963,43
Satellite Sectional Post Binders,1219.821,329.0478,38
"Stockwell Push Pins, Bulk Pack",1217.9337,205.0537,105
"Wilson Jones Ledger-Size, Piano-Hinge Binder, 2"", Blue",1217.106,215.55479999999994,47
Epson TM-T88V Direct Thermal Printer - Monochrome - Desktop,1212.7050000000002,-1057.23,10
"Stiletto Box Cutter, High Speed",1209.791,247.391,38
"Sanford Pens, Easy-Erase",1208.0625,126.5025,126
APC 7 Outlet Network SurgeArrest Surge Protector,1207.2,80.47999999999995,20
"Stanley Highlighters, Blue",1206.282,47.32200000000001,104
"SanDisk Note Cards, 8.5 x 11",1203.6686,-30.07140000000002,51
"Boston Pens, Water Color",1201.18,91.27999999999999,82
Eldon ClusterMat Chair Mat with Cordless Antistatic Protection,1200.9360000000001,-256.5635999999999,18
"Konica Calculator, Red",1199.988,136.068,35
"Kleencut Scissors, High Speed",1198.8305,289.0805,67
"Stockwell Push Pins, Metal",1197.5246,-18.765400000000042,118
"Trav-L-File Heavy-Duty Shuttle II, Black",1193.818,278.84799999999996,30
"Harbour Creations Removable Labels, Adjustable",1189.104,236.804,155
Fellowes Bankers Box Recycled Super Stor/Drawer,1187.56,-30.22880000000005,24
"SanDisk Parchment Paper, Recycled",1187.1111999999998,267.2512,83
"Tenex Box, Wire Frame",1184.7732,283.5132,100
"Howard Miller 11-1/2"" Diameter Ridgewood Wall Clock",1184.232,448.76160000000004,24
"Boston Pens, Easy-Erase",1184.0745,138.4045,103
SanDisk Cruzer 64 GB USB Flash Drive,1184.032,319.6159999999999,34
GBC Therma-A-Bind 250T Electric Binding System,1180.704,413.2464,12
"Cameo Business Envelopes, Set of 50",1178.858,355.688,72
"Fiskars Scissors, Easy Grip",1176.2240000000002,137.26399999999998,57
"Cardinal Index Tab, Economy",1173.694,376.38400000000007,169
"Smead Removable Labels, Adjustable",1172.898,274.29799999999994,156
"Jiffy Peel and Seal, with clear poly window",1168.9435,52.94350000000001,71
Boston Heavy-Duty Trimline Electric Pencil Sharpeners,1166.44,310.8899999999999,25
"Avery Binder, Recycled",1164.1838,351.2838,102
"Sanford Highlighters, Fluorescent",1159.9686,367.51860000000005,86
GE 30522EE2,1159.8999999999999,336.37099999999987,10
"Stanley Pens, Blue",1159.4350000000002,452.175,134
"Elite Scissors, Steel",1159.2197999999999,217.2498,64
"Rubbermaid Light Bulb, Durable",1158.5629,264.6429,91
"OIC Rubber Bands, Bulk Pack",1155.0131000000001,-46.90690000000002,109
Logitech K350 2.4Ghz Wireless Keyboard,1154.664,47.281499999999966,25
LG Exalt,1154.326,-212.14640000000009,12
"Stanley Pens, Easy-Erase",1152.4,388.73,129
"Green Bar Parchment Paper, Multicolor",1148.5944,310.1544,73
"KitchenAid Coffee Grinder, Black",1146.36,251.46000000000004,20
"Hon Coffee Table, Fully Assembled",1142.532,-409.51800000000014,6
"Stockwell Thumb Tacks, Metal",1140.3717,24.701699999999995,130
Logitech Illuminated - Keyboard,1139.81,515.914,20
"Jiffy Manila Envelope, Security-Tint",1136.3999999999999,372.21,45
Panasonic KX-TG6844B Expandable Digital Cordless Telephone,1135.028,75.22860000000006,22
"Stockwell Paper Clips, Metal",1131.4850000000001,66.155,107
"Cardinal Binder Covers, Recycled",1130.7752,324.89520000000005,116
"Acme Scissors, Steel",1129.8060000000003,245.34599999999998,60
"Eaton Computer Printout Paper, Recycled",1128.6954,238.50539999999995,64
"Enermax Cards & Envelopes, Recycled",1128.24,-82.80000000000001,34
"Avery Binder Covers, Clear",1127.763,118.17300000000003,132
"Barricks Coffee Table, with Bottom Storage",1125.6,379.8199999999999,7
"Elite Box Cutter, Serrated",1125.3410999999999,283.79110000000003,43
"File Shuttle II and Handi-File, Black",1125.148,260.953,34
"Memorex Flash Drive, Erganomic",1121.959,67.05899999999997,61
HTC One,1119.888,125.98739999999984,14
ClearSounds CSC500 Amplified Spirit Phone Corded phone,1119.84,162.3768,19
O'Sullivan 3-Shelf Heavy-Duty Bookcases,1119.195,147.09420000000003,22
"Kraft Peel and Seal, with clear poly window",1116.9945,242.0345,62
Advantus Rolling Drawer Organizers,1115.92,233.1888,31
"Deflect-o EconoMat Studded, No Bevel Mat for Low Pile Carpeting",1115.64,-125.19959999999995,33
"Lesro Coffee Table, Fully Assembled",1115.268,-474.1619999999999,11
Dana Halogen Swing-Arm Architect Lamp,1114.384,288.4288000000001,28
"Hunt BOSTON Model 1606 High-Volume Electric Pencil Sharpener, Beige",1113.024,111.30239999999998,8
netTALK DUO VoIP Telephone Service,1112.788,430.418,26
Hypercom P1300 Pinpad,1108.8,275.31,21
"BIC Pens, Fluorescent",1108.0538,248.6138,82
"KitchenAid Coffee Grinder, Silver",1106.2839999999999,-25.015999999999977,22
"Eaton Computer Printout Paper, Multicolor",1104.42,224.76,44
"Avery Shipping Labels, 5000 Label Set",1104.3336,169.15359999999998,121
Xerox 1988,1102.8880000000001,404.28899999999993,41
"Cameo Peel and Seal, with clear poly window",1102.664,411.084,51
"Tenex Light Bulb, Erganomic",1102.1399999999999,-65.04,80
Ibico Plastic Spiral Binding Combs,1100.48,328.92799999999994,47
Ibico Laser Imprintable Binding System Covers,1100.4,138.33599999999996,34
"Jiffy Mailers, Set of 50",1100.232,55.242,42
"Logitech Flash Drive, Erganomic",1099.4768000000001,406.2468,50
Xerox 1906,1098.6399999999999,497.5775999999999,32
"Eaton Premium Continuous-Feed Paper, 25% Cotton, Letter Size, White, 1000 Shts/Box",1098.504,492.6624,21
"Wilson Jones Binder, Economy",1098.02,263.3,95
"Acme Box Cutter, Steel",1097.3999999999999,25.26000000000002,41
"Tenex Box, Single Width",1097.3165,374.2165,81
Xerox 1934,1097.2079999999999,526.212,20
"Advantus Clock, Erganomic",1090.218,56.20799999999999,26
Catalog Binders with Expanding Posts,1089.9360000000001,-242.20800000000008,36
"GlobeWeis Peel and Seal, Security-Tint",1088.789,126.98899999999998,58
"Barricks 18"" x 48"" Non-Folding Utility Table with Bottom Storage Shelf",1088.6399999999999,-104.83200000000001,16
Global Deluxe High-Back Office Chair in Storm,1087.92,-149.5890000000001,10
Maxell LTO Ultrium - 800 GB,1086.012,156.46409999999992,41
RCA Visys Integrated PBX 8-Line Router,1085.238,130.63050000000004,19
"Eldon Box, Industrial",1079.6922,263.4522,141
"Hamilton Beach Coffee Grinder, Black",1078.3457999999998,196.8458,34
"Kraft Manila Envelope, with clear poly window",1077.1761,314.8961,48
"Cardinal Binder Covers, Clear",1075.903,168.34300000000002,119
"Stockwell Thumb Tacks, Assorted Sizes",1074.5177,96.32769999999998,137
"Cameo Peel and Seal, Set of 50",1074.22,45.989999999999995,68
GBC Prestige Therm-A-Bind Covers,1073.903,364.7153,39
Belkin 8 Outlet Surge Protector,1073.676,188.50799999999995,30
Carina Media Storage Towers in Natural & Black,1073.248,-121.96000000000001,20
Boston 1645 Deluxe Heavier-Duty Electric Pencil Sharpener,1073.112,206.26620000000003,27
Recycled Steel Personal File for Standard File Folders,1072.626,254.334,20
"KitchenAid Blender, White",1072.36,270.44,14
O'Sullivan Cherrywood Estates Traditional Barrister Bookcase,1072.344,-78.36360000000002,9
"SanDisk Memo Slips, Multicolor",1071.8305,-7.8195000000000014,73
"Jiffy Mailers, Recycled",1070.5871,-165.1729,52
"Xerox Memo Slips, 8.5 x 11",1070.5075000000002,-49.98250000000002,85
AT&T 1070 Corded Phone,1070.3039999999999,133.78799999999987,12
"Hon Training Table, with Bottom Storage",1064.64,292.67999999999995,4
"Sauder Camden County Barrister Bookcase, Planked Cherry Finish",1064.624,24.196000000000055,10
"Deflect-O Light Bulb, Erganomic",1064.1723,293.0923000000001,79
"Breville Toaster, White",1062.8700000000001,420.39000000000004,17
"Green Bar Message Books, Multicolor",1062.852,205.12199999999996,52
"Jiffy Peel and Seal, Recycled",1062.8277,180.14770000000001,70
"Eaton Computer Printout Paper, Premium",1062.0,187.95000000000002,58
"Avery Color Coded Labels, Laser Printer Compatible",1061.7381,81.71810000000002,96
"Kraft Business Envelopes, Set of 50",1060.605,345.715,68
"Tenex Stacking Tray, Black",1057.8807,65.76069999999999,55
Recycled Steel Personal File for Hanging File Folders,1053.032,151.65949999999998,21
"Ames Business Envelopes, Recycled",1052.3424,241.97239999999996,91
"Advantus 10-Drawer Portable Organizer, Chrome Metal Frame, Smoke Drawers",1051.776,277.28640000000007,18
"Epson Printer, Wireless",1050.48,94.44,4
"Cuisinart Toaster, Red",1049.5980000000002,73.15799999999996,27
"Howard Miller 13"" Diameter Pewter Finish Round Wall Clock",1047.7359999999999,340.5142,27
"Boston Pencil Sharpener, Fluorescent",1047.5075000000002,21.88750000000001,41
"Xerox Computer Printout Paper, Premium",1043.942,353.602,52
"Elite Scissors, Serrated",1043.2275,237.29749999999999,68
"Rubbermaid Stacking Tray, Durable",1042.8072,191.9572,58
"Eureka The Boss Lite 10-Amp Upright Vacuum, Blue",1042.08,291.7824,13
"Howard Miller 13"" Diameter Goldtone Round Wall Clock",1042.068,294.3138,27
GBC Twin Loop Wire Binding Elements,1041.664,259.584,47
"Binney & Smith Highlighters, Easy-Erase",1040.8239999999998,263.644,80
"Ibico Index Tab, Economy",1040.653,191.97299999999998,134
Balt Split Level Computer Training Table,1040.625,-357.97499999999997,12
Logitech G13 Programmable Gameboard with LCD Display,1039.8700000000001,43.19460000000005,14
"Avery Binder Covers, Economy",1039.842,224.162,113
"Eldon Stacking Tray, Black",1038.45,180.29999999999998,43
"Smead Box, Industrial",1036.1625,60.7125,116
Star Micronics TSP100 TSP143LAN Receipt Printer,1035.8,269.308,4
"Green Bar Message Books, Premium",1032.486,36.12599999999999,52
Okidata B400 Printer,1029.6000000000001,115.82999999999987,3
"Ibico Hole Reinforcements, Recycled",1029.49,272.03,160
"Ames Manila Envelope, Set of 50",1027.104,84.80399999999999,48
"Ames Peel and Seal, Set of 50",1024.4612000000002,-129.61880000000002,82
Hoover Commercial Lightweight Upright Vacuum with E-Z Empty Dirt Cup,1023.3520000000001,-9.30320000000006,6
"Stiletto Box Cutter, Serrated",1022.2443000000001,358.2543,37
"Enermax Parchment Paper, Premium",1018.818,42.98799999999999,79
"Snap-A-Way Black Print Carbonless Ruled Speed Letter, Triplicate",1016.7919999999999,453.76239999999996,28
"Eaton Memo Slips, Multicolor",1016.3125,-21.527500000000018,95
"Sauder Forest Hills Library with Doors, Woodland Oak Finish",1014.174,-418.548,10
"Novimex Removable Labels, Adjustable",1010.9594,117.9594,129
"Tenex Contemporary Contur Chairmats for Low and Medium Pile Carpet, Computer, 39"" x 49""",1010.782,150.542,10
"Acco Index Tab, Economy",1010.7552000000001,338.8752,120
"Canon Color ImageCLASS MF8580Cdw Wireless Laser All-In-One Printer, Copier, Scanner",1007.979,43.19910000000005,3
WD My Passport Ultra 1TB Portable External Hard Drive,1007.4000000000001,33.80999999999993,17
Bevis Rectangular Conference Tables,1007.262,-586.8395999999999,13
Imation 16GB Mini TravelDrive USB 2.0 Flash Drive,1007.152,342.5642,34
"Ames Peel and Seal, with clear poly window",1004.796,238.94599999999997,56
"Eldon ""L"" Workstation Diamond Chairmat",1002.9360000000001,-267.44960000000015,19
Tenex B1-RE Series Chair Mats for Low Pile Carpets,1002.364,124.60579999999987,23
"Acme Ruler, High Speed",1002.0430000000001,-95.05700000000003,80
Nortel Business Series Terminal T7208 Digital phone,1000.728,100.07280000000006,9
"Eldon Stacking Tray, Erganomic",996.1688000000001,114.22879999999998,44
"Avery Legal Exhibit Labels, 5000 Label Set",995.5642,306.2042,119
"Kraft Clasp Envelope, with clear poly window",995.5088,42.52880000000002,111
"Accos Rubber Bands, Metal",989.688,237.588,72
"Advantus Light Bulb, Black",984.5004,192.96039999999996,79
"Sanford Pens, Blue",982.498,87.53799999999997,116
"BIC Pens, Blue",981.4644,37.07440000000001,84
Home/Office Personal File Carts,980.232,198.13199999999995,30
"Stockwell Rubber Bands, 12 Pack",976.4918,219.36180000000002,77
"Deflect-O Light Bulb, Black",975.4529999999999,172.88300000000007,83
"Stockwell Staples, Assorted Sizes",974.2162000000001,299.7562,145
"Advantus Light Bulb, Durable",972.2489999999999,80.22900000000001,73
"Ames Business Envelopes, Security-Tint",971.9496000000001,56.19959999999995,82
"Kleencut Ruler, Easy Grip",971.3682,58.498200000000004,69
"Acco Index Tab, Durable",970.8839999999998,160.05400000000003,127
Xerox 1909,970.784,400.976,40
Global Italian Leather Office Chair,969.252,204.3288,8
Hon Every-Day Chair Series Swivel Task Chairs,967.84,12.097999999999999,10
"Cuisinart Coffee Grinder, White",962.2375000000001,161.80749999999995,33
Xerox 1885,960.8,461.18399999999997,20
"Enermax Computer Printout Paper, Premium",960.388,276.558,41
"Memorex Mouse, Programmable",959.9234000000001,-70.39660000000003,44
"Binney & Smith Pens, Easy-Erase",959.706,-110.064,100
"GlobeWeis Peel and Seal, Recycled",959.2269,377.80690000000004,60
"Elite Ruler, Steel",959.2,150.85,97
"Jiffy Manila Envelope, Set of 50",957.0812999999999,216.0413,59
Xerox 1914,956.3040000000001,423.74159999999995,19
"Ames Peel and Seal, Security-Tint",955.0255,50.225500000000004,63
"Gould Plastics 9-Pocket Panel Bin, 18-3/8w x 5-1/4d x 20-1/2h, Black",953.82,-63.588000000000044,20
"Tenex Light Bulb, Black",953.4409999999999,6.640999999999995,78
"Wilson Jones Binder, Clear",953.3888000000001,-131.8312,97
Belkin Premiere Surge Master II 8-outlet surge protector,952.168,55.38119999999978,26
"Kraft Peel and Seal, Set of 50",949.1651,26.815100000000015,66
"Howard Miller 13-1/2"" Diameter Rosebrook Wall Clock",949.026,247.57200000000006,17
Eureka The Boss Cordless Rechargeable Stick Vac,948.228,241.13540000000003,19
"Novimex Shipping Labels, 5000 Label Set",948.1442999999999,318.76430000000005,102
"Okidata Calculator, Wireless",944.706,133.066,21
"Green Bar Computer Printout Paper, Recycled",942.2203000000001,80.20029999999997,38
"Tenex Light Bulb, Durable",939.2991999999999,-61.92079999999999,80
"Tyvek Interoffice Envelopes, 9 1/2"" x 12 1/2"", 100/Box",939.092,421.98159999999996,16
Tripp Lite TLP810NET Broadband Surge for Modem/Fax,937.8480000000001,130.48319999999998,22
Steel Personal Filing/Posting Tote,937.4639999999999,185.71730000000002,29
"StarTech Receipt Printer, Red",937.2510000000002,-361.85900000000015,19
"Jiffy Peel and Seal, Security-Tint",936.738,119.058,56
"Sauder Mission Library with Doors, Fruitwood Finish",935.1972,-125.74080000000009,10
"Eldon Light Bulb, Black",933.6600000000001,38.00999999999999,61
"Kraft Peel and Seal, Recycled",933.2502000000001,52.00020000000001,56
"Cameo Peel and Seal, Recycled",932.5799999999999,-4.46999999999997,55
"Eldon Light Bulb, Durable",932.4744,266.5144,54
"Memorex Flash Drive, USB",931.2344999999999,241.1445,43
"Enermax Memo Slips, Premium",930.2040000000001,52.044,74
"Advantus Rubber Bands, Bulk Pack",930.146,191.696,70
"Fellowes Premier Superior Surge Suppressor, 10-Outlet, With Phone and Remote",929.48,169.2632,21
"Accos Clamps, 12 Pack",928.5243,-137.78570000000005,69
"Ibico Hole Reinforcements, Economy",928.3885,216.80849999999998,169
"Jiffy Business Envelopes, Security-Tint",928.2868000000001,96.4368,65
SanDisk Ultra 64 GB MicroSDHC Class 10 Memory Card,927.768,37.990499999999926,25
"Stiletto Scissors, Serrated",927.49,146.71,55
"Green Bar Computer Printout Paper, Premium",925.9328,5.872800000000009,51
"Stockwell Staples, Bulk Pack",923.7203,162.2603,107
Novimex High-Tech Fabric Mesh Task Chair,922.7400000000001,-133.4424000000001,16
"Wilson Jones Binder Covers, Economy",920.4521,129.1621,103
"Hon Shipping Labels, Laser Printer Compatible",918.3928,194.40279999999998,106
Riverside Furniture Stanwyck Manor Table Series,917.9200000000001,-415.93250000000006,5
Ativa MDM8000 8-Sheet Micro-Cut Shredder,917.8979999999999,393.2563,11
"Elite Letter Opener, Steel",913.9999999999999,194.16000000000003,46
Cisco SPA508G,910.662,207.86849999999995,15
"White Dual Perf Computer Printout Paper, 2700 Sheets, 1 Part, Heavyweight, 20 lbs., 14 7/8 x 11",909.9780000000001,408.2604,24
Plantronics Cordless Phone Headset with In-line Volume - M214C,908.7,219.83550000000008,27
"Kleencut Scissors, Easy Grip",907.8627000000001,-4.057300000000039,50
"Green Bar Memo Slips, Multicolor",904.5972,105.90720000000002,69
LG Electronics Tone+ HBS-730 Bluetooth Headset,904.552,133.30240000000006,18
"Smead Box, Blue",904.2133,83.20330000000001,103
"Green Bar Memo Slips, Recycled",903.696,157.076,68
"Eldon Box, Single Width",903.0504,210.2904,102
"Global Stack Chair without Arms, Black",901.5060000000001,44.166000000000025,44
Vinyl Sectional Post Binders,901.0300000000001,147.02999999999997,40
Sony 64GB Class 10 Micro SDHC R40 Memory Card,899.75,132.0833,27
Eldon Portable Mobile Manager,899.3040000000001,197.3944,34
"Enermax Parchment Paper, 8.5 x 11",897.5337000000001,139.2937,58
"Rubbermaid Clock, Durable",893.4639999999999,183.114,24
"OIC Clamps, 12 Pack",889.0240000000001,74.70399999999998,61
Imation Secure Drive + Hardware Encrypted USB flash drive - 16 GB,888.966,196.0284,24
"Advantus Clamps, Bulk Pack",887.7901000000002,280.0501,57
"Enermax Message Books, Premium",884.1,169.07999999999998,50
SanDisk Ultra 32 GB MicroSDHC Class 10 Memory Card,884.0000000000001,38.012000000000036,44
"Advantus Light Bulb, Duo Pack",882.365,-17.964999999999982,58
Cisco Small Business SPA 502G VoIP phone,882.102,58.4649,11
"Safco Chair Connectors, 6/Carton",881.192,170.85119999999986,26
Xerox 1883,881.092,354.01959999999997,37
"Rubbermaid Light Bulb, Duo Pack",881.055,155.355,64
Xerox 1960,879.832,334.58399999999995,32
"Rubbermaid Light Bulb, Black",878.3835999999999,195.3436,63
"Hamilton Beach Coffee Grinder, White",875.84,42.46000000000003,33
"Enermax Message Books, 8.5 x 11",873.792,60.21199999999998,55
"Boston School Pro Electric Pencil Sharpener, 1670",873.636,149.9432,32
"Eldon Base for stackable storage shelf, platinum",872.256,-52.569000000000116,25
"Cameo Peel and Seal, Security-Tint",870.8699999999999,10.109999999999996,45
Fellowes Superior 10 Outlet Split Surge Protector,867.768,57.089999999999925,30
Executive Impressions Supervisor Wall Clock,867.2600000000001,266.07199999999995,21
"Cameo Clasp Envelope, Security-Tint",866.9289000000001,121.78889999999997,94
Xerox 1913,865.4879999999999,375.0448,17
"Jiffy Business Envelopes, Set of 50",865.15,103.23,56
"Tenex Light Bulb, Duo Pack",860.8800000000001,68.58,55
Fellowes Bases and Tops For Staxonsteel/High-Stak Systems,858.8820000000001,201.0716,26
"Safco Value Mate Series Steel Bookcases, Baked Enamel Finish on Steel, Gray",858.8580000000001,-9.937199999999997,17
"Advantus Light Bulb, Erganomic",858.5563,-66.54369999999997,71
"Ames Manila Envelope, with clear poly window",857.7215,203.9415,39
Green Bar Computer Printout Paper,857.376,380.8728,17
"Stockwell Staples, 12 Pack",855.4144,-18.075600000000016,120
"Smead Box, Single Width",853.9920000000001,74.66199999999999,105
"Logitech Mouse, Programmable",853.6320000000002,152.332,32
"Hon Removable Labels, Adjustable",851.9475,-62.39249999999999,121
"Hon Metal Bookcases, Gray",851.76,229.9752,12
"Belkin 19"" Center-Weighted Shelf, Gray",849.312,-47.184000000000026,16
"Harbour Creations Legal Exhibit Labels, Laser Printer Compatible",846.5809999999999,80.76100000000004,107
Panasonic Kx-TS550,846.216,95.19929999999998,23
"Advantus Clamps, 12 Pack",845.9567999999999,80.4168,55
"Kleencut Letter Opener, Steel",844.7472,173.0072,47
Plantronics 81402,844.672,112.18300000000002,15
GBC VeloBinder Manual Binding System,842.166,280.72200000000004,30
"Hamilton Beach Coffee Grinder, Silver",839.6940999999999,143.39410000000004,25
"Green Bar Parchment Paper, Premium",839.4488,-43.35119999999997,73
"Accos Clamps, Metal",838.5000000000002,247.53999999999996,54
"Acme Ruler, Steel",837.9885,141.1485,66
"Wilson Jones Index Tab, Economy",837.6184999999999,184.3385,150
"Wilson Jones Elliptical Ring 3 1/2"" Capacity Binders, 800 sheets",834.6,-82.17600000000003,42
"Wilson Jones Index Tab, Clear",834.492,51.252,166
"Advantus Rubber Bands, Metal",832.7707000000001,87.15069999999999,68
"Wilson Jones Binder Covers, Clear",832.333,92.68300000000005,99
Motorola HK250 Universal Bluetooth Headset,832.2379999999999,-91.50019999999995,41
"Xerox Message Books, Recycled",832.1560000000001,58.21599999999997,51
Xerox 1916,831.98,342.58,20
"Eaton Message Books, Premium",831.775,254.91500000000002,55
"Enermax Memo Slips, 8.5 x 11",830.2800000000001,239.18,60
"Hon Round Table, Adjustable Height",828.96,113.93999999999996,3
Balt Solid Wood Rectangular Table,828.0965,-216.25450000000006,11
"Bevis Coffee Table, with Bottom Storage",827.268,-394.572,4
Safco Industrial Shelving,827.12,-104.12849999999992,13
"Ames Manila Envelope, Recycled",825.282,133.232,50
"Bush Birmingham Collection Bookcase, Dark Cherry",825.174,-117.88199999999998,9
Tripp Lite Isotel 8 Ultra 8 Outlet Metal Surge,823.252,-17.03280000000002,16
"Hamilton Beach Blender, White",823.1920000000001,-6.848000000000049,18
"Advantus Employee of the Month Certificate Frame, 11 x 13-1/2",822.738,311.7744,28
"Okidata Calculator, Red",820.704,14.79400000000001,25
"Smead Shipping Labels, Alphabetical",816.4068,211.6368,87
Global Chrome Stack Chair,815.864,15.08320000000002,32
"Binney & Smith Pens, Fluorescent",813.428,12.687999999999994,70
Kensington 6 Outlet MasterPiece HOMEOFFICE Power Control Center,812.16,235.5263999999999,9
"Kraft Manila Envelope, Recycled",809.5329,110.3729,48
"Konica Calculator, White",808.6464,96.7764,19
"Xerox Parchment Paper, Multicolor",806.8499999999999,199.69000000000003,68
"Harbour Creations Color Coded Labels, Laser Printer Compatible",805.304,209.62400000000002,71
Grandstream GXP1160 VoIP phone,803.692,157.70559999999992,24
"Global Stack Chair with Arms, Black",803.464,125.01659999999998,31
"Eldon Box, Blue",803.3237999999999,143.86380000000003,97
"Eldon Folders, Single Width",802.305,151.66500000000002,70
"Safco Value Mate Steel Bookcase, Baked Enamel Finish on Steel, Black",802.074,106.46999999999997,14
"SanDisk Mouse, USB",801.9864,-80.92359999999998,28
"SanDisk Computer Printout Paper, Premium",801.1524000000001,51.74240000000001,33
"Enermax Parchment Paper, Multicolor",796.6559999999998,88.47600000000001,59
"Hon File Folder Labels, Alphabetical",793.9709999999999,254.73100000000002,114
"Jiffy Peel and Seal, Set of 50",793.5966000000001,157.6766,54
"Cardinal Hole Reinforcements, Recycled",791.35,183.91,168
Logitech MX Performance Wireless Mouse,789.822,211.8159,23
"Stanley Pens, Fluorescent",789.6642000000002,40.264199999999995,78
"Advantus Thumb Tacks, Bulk Pack",787.9481999999999,58.91819999999999,78
Howard Miller 12-3/4 Diameter Accuwave DS  Wall Clock,786.9,147.9372000000001,14
"Smead Color Coded Labels, Alphabetical",786.8289,165.96889999999996,83
"Blue String-Tie & Button Interoffice Envelopes, 10 x 13",783.608,299.8499999999999,22
"Avery Legal Exhibit Labels, Laser Printer Compatible",783.1404,11.080399999999994,87
"Eldon Light Bulb, Erganomic",782.4076,-21.742400000000018,47
"SanDisk Message Books, Recycled",781.4289,254.9889,37
"Eaton Parchment Paper, 8.5 x 11",781.2969999999999,182.46700000000004,65
"Hon Color Coded Labels, Laser Printer Compatible",781.2819000000001,207.53189999999998,81
"Kraft Business Envelopes, Security-Tint",780.8452000000001,144.3752,53
GBC Premium Transparent Covers with Diagonal Lined Pattern,780.456,49.512799999999885,67
JBL Micro Wireless Portable Bluetooth Speaker,779.87,14.99750000000003,17
Logitech Desktop MK120 Mouse and keyboard Combo,778.736,42.53599999999996,50
"OIC Push Pins, Bulk Pack",775.6679,95.31789999999998,78
Eldon Radial Chair Mat for Low to Medium Pile Carpets,775.612,135.93199999999996,20
Logitech Trackman Marble Mouse,773.742,286.7044,28
"Konica Calculator, Durable",771.5925,90.2925,18
"Hon Legal Exhibit Labels, Alphabetical",771.2384,111.49839999999999,85
Belkin F9G930V10-GRY 9 Outlet Surge,770.112,162.5791999999999,16
"Binney & Smith Highlighters, Blue",768.9464999999999,-59.10349999999996,63
Xerox 191,767.232,354.24539999999996,39
"Stiletto Ruler, High Speed",766.816,96.666,60
"Advantus Rubber Bands, 12 Pack",766.6638,53.0638,58
"Xerox Message Books, Premium",766.4552,242.81519999999998,44
"Global Deluxe Stacking Chair, Gray",764.6999999999999,76.97979999999997,19
"GlobeWeis Business Envelopes, Set of 50",764.0004,-43.29960000000001,59
"Tenex Carpeted, Granite-Look or Clear Contemporary Contour Shape Chair Mats",763.668,-222.73650000000004,15
"Advantus Push Pins, Assorted Sizes",763.0920000000001,160.042,79
"Ibico Hole Reinforcements, Durable",760.8455,141.37550000000002,102
"OIC Push Pins, Assorted Sizes",760.758,104.028,77
Logitech G105 Gaming Keyboard,759.936,78.3684,14
"SanDisk Parchment Paper, Premium",759.3023999999999,34.222400000000015,64
Fellowes 8 Outlet Superior Workstation Surge Protector,759.1220000000001,166.83999999999992,20
AT&T CL2909,755.9399999999999,50.39599999999999,8
Xerox 1951,755.912,244.74199999999993,30
Sauder Barrister Bookcases,754.7336,-294.7672,16
Premium Transparent Presentation Covers by GBC,753.182,284.06919999999997,43
Clarity 53712,752.286,68.62960000000004,14
"Enermax Computer Printout Paper, Multicolor",751.1832,16.963199999999958,32
Ibico Recycled Linen-Style Covers,749.9520000000001,262.48319999999995,24
"Accos Clamps, Assorted Sizes",749.4960000000002,157.41599999999997,52
"Enermax Memo Slips, Multicolor",749.0316,204.77160000000003,59
Bush Mission Pointe Library,748.8607999999999,24.156799999999997,6
"Wilson Jones Index Tab, Recycled",747.9423,246.5523,126
Innergie mMini Combo Duo USB Travel Charging Kit,746.8340000000001,302.33279999999996,19
Plantronics Encore H101 Dual Earpieces Headset,746.1700000000001,163.618,18
"GlobeWeis Business Envelopes, Security-Tint",745.5798,47.65979999999999,50
Xerox 1943,743.432,328.67519999999996,16
"Harbour Creations File Folder Labels, Laser Printer Compatible",739.8093000000001,169.3193,98
"Logitech B530 USB Headset - headset - Full size, Binaural",739.8000000000001,64.73250000000002,25
Belkin 8 Outlet SurgeMaster II Gold Surge Protector,737.754,89.97000000000003,15
"Xerox Memo Slips, Recycled",736.9152,138.1152,71
"OIC Push Pins, 12 Pack",736.598,243.398,66
"Smead Shipping Labels, 5000 Label Set",735.4,128.32,78
"Bush Cubix Collection Bookcases, Fully Assembled",729.2339999999999,48.61560000000003,4
RCA ViSYS 25825 Wireless digital phone,727.9440000000002,90.99299999999997,7
O'Sullivan 2-Shelf Heavy-Duty Bookcases,723.842,-133.10919999999987,21
"Fiskars Scissors, Serrated",723.8308,192.9808,47
Lexmark MarkNet N8150 Wireless Print Server,723.51,-506.4569999999997,6
"OIC Clamps, Metal",722.6700000000001,208.55,42
Xerox 1964,721.744,314.73519999999996,33
"Acco Hole Reinforcements, Durable",721.5616,214.6516,118
Memorex Mini Travel Drive 16 GB USB 2.0 Flash Drive,718.6500000000001,280.2735,45
"Xerox Note Cards, Multicolor",714.872,215.882,35
"Accos Push Pins, Bulk Pack",711.7704,114.2004,64
Avaya 4621SW VoIP phone,709.9200000000001,79.86599999999994,12
Eldon Mobile Mega Data Cart  Mega Stackable  Add-On Trays,709.5,205.755,30
WD My Passport Ultra 500GB Portable External Hard Drive,708.0,120.35999999999994,12
SAFCO Folding Chair Trolley,705.32,151.3232,6
Panasonic KP-380BK Classic Electric Pencil Sharpener,705.208,111.53799999999994,22
Lock-Up Easel 'Spel-Binder',704.691,39.371399999999994,44
Zebra GK420t Direct Thermal/Thermal Transfer Printer,703.71,-938.28,6
"Deflect-o EconoMat Nonstudded, No Bevel Mat",702.44,123.95999999999998,14
"SanDisk Parchment Paper, 8.5 x 11",701.7415,64.39150000000001,37
iHome FM Clock Radio with Lightning Dock,699.9,17.497500000000038,13
"Avery Index Tab, Durable",698.659,100.219,132
"Premium Transparent Presentation Covers, No Pattern/Clear, 8 1/2"" x 11""",698.0400000000001,90.74519999999995,29
"Cardinal Index Tab, Durable",694.817,220.96699999999998,112
"Office Star - Contemporary Task Swivel chair with 2-way adjustable arms, Plum",694.194,-158.48579999999998,7
Euro-Pro Shark Turbo Vacuum,693.952,143.7472,24
"Ibico Index Tab, Durable",693.7049999999999,128.92500000000004,102
"Hon Shipping Labels, Alphabetical",691.9896,178.06959999999998,81
OtterBox Defender Series Case - Samsung Galaxy S4,689.77,122.95899999999992,27
"Accos Push Pins, Assorted Sizes",689.5119000000001,-45.128099999999996,76
"Sanford Pens, Water Color",689.1052000000001,264.18520000000007,57
"OIC Thumb Tacks, Metal",688.7825999999999,7.562600000000017,70
"Advantus Staples, Metal",688.5192000000001,123.86919999999999,75
Samsung Convoy 3,688.138,-31.077199999999948,9
"Elite Scissors, Easy Grip",686.665,11.90500000000002,43
"Metal Folding Chairs, Beige, 4/Carton",685.588,115.73539999999997,23
Tops White Computer Printout Paper,684.74,321.82779999999997,14
"Kleencut Ruler, High Speed",684.4184,90.82840000000002,62
Safco Steel Mobile File Cart,683.5519999999999,120.87200000000001,9
"Avery Shipping Labels, Laser Printer Compatible",683.1524999999999,193.8925,72
"OIC Paper Clips, 12 Pack",682.5588,113.2788,61
"Elite Box Cutter, Steel",681.9138,34.2038,28
"Howard Miller 11-1/2"" Diameter Brentwood Wall Clock",681.454,256.19220000000007,17
"Jiffy Manila Envelope, Recycled",680.1247999999999,-255.6352,45
Flat Face Poster Frame,678.24,120.95280000000002,51
"Advantus Rubber Bands, Assorted Sizes",677.9448,123.02480000000001,65
"Ames Business Envelopes, Set of 50",676.296,-54.204000000000036,66
"Avery File Folder Labels, Alphabetical",675.4766,166.0366,90
Holmes Harmony HEPA Air Purifier for 17 x 20 Room,675.12,290.3016,3
"Deflect-o DuraMat Lighweight, Studded, Beveled Mat for Low Pile Carpeting",673.87,72.07849999999992,17
Hunt Boston Vacuum Mount KS Pencil Sharpener,671.808,153.95600000000002,20
"Bevis Training Table, with Bottom Storage",669.96,-482.46,5
Tuf-Vin Binders,669.496,234.3235999999999,26
"Advantus Clamps, Metal",668.8039000000001,78.72389999999997,46
Binding Machine Supplies,667.993,182.6042,32
Fellowes 8 Outlet Superior Workstation Surge Protector w/o Phone/Fax/Modem Protection,665.6759999999999,43.70599999999996,25
"Hon Legal Exhibit Labels, Laser Printer Compatible",664.9939999999999,62.364000000000004,72
Fellowes Command Center 5-outlet power strip,664.8320000000001,-78.01600000000002,15
"GlobeWeis Business Envelopes, Recycled",663.892,120.86200000000001,61
"Hon Legal Exhibit Labels, 5000 Label Set",663.0,70.94000000000001,70
"Smead Legal Exhibit Labels, 5000 Label Set",662.207,-86.553,81
"GBC Velobind Prepunched Cover Sets, Regency Series",661.942,-9.245000000000005,33
"Wilson Jones Index Tab, Durable",660.5125,-72.80750000000002,121
Panasonic KX T7731-B Digital phone,659.934,75.99239999999995,8
"Harbour Creations Color Coded Labels, Alphabetical",659.5744,122.2944,71
"Harbour Creations Color Coded Labels, Adjustable",659.232,0.8220000000000063,70
"Xerox Parchment Paper, Premium",656.1932,114.00319999999999,63
Surelock Post Binders,653.9839999999999,210.86399999999998,29
Hon 61000 Series Interactive Training Tables,653.121,-148.39620000000005,22
Xerox 1886,651.4399999999999,302.72799999999995,14
"Bush Westfield Collection Bookcases, Dark Cherry Finish",649.376,-97.40640000000003,14
"Novimex Color Coded Labels, Laser Printer Compatible",648.324,150.984,58
Belkin 8 Outlet SurgeMaster II Gold Surge Protector with Phone Protection,647.84,168.4384,8
"Acme Letter Opener, High Speed",644.7821,67.13210000000001,30
"Eldon Box, Wire Frame",642.8369999999999,116.99700000000001,90
"Avery Color Coded Labels, 5000 Label Set",641.364,121.88400000000001,60
Avery 485,639.03,300.34409999999997,51
Safco Drafting Table,638.82,34.070399999999935,12
"Hon Training Table, Rectangular",638.522,-94.71800000000005,5
"Smead Legal Exhibit Labels, Laser Printer Compatible",637.9169999999999,-68.773,83
"Acco Hole Reinforcements, Recycled",637.5563999999999,208.73639999999997,106
"Accos Thumb Tacks, Assorted Sizes",637.0812,-21.2788,69
"Computer Room Manger, 14""",636.6080000000001,179.28959999999995,22
"SanDisk Memo Slips, Recycled",635.627,109.56700000000001,45
"OIC Thumb Tacks, Assorted Sizes",633.984,196.95399999999998,66
"Strathmore #10 Envelopes, Ultimate White",632.52,309.9348,12
Belkin 7 Outlet SurgeMaster II,631.68,176.8704,16
"Tenex Stacking Tray, Durable",631.591,43.590999999999994,36
"GlobeWeis Clasp Envelope, Security-Tint",628.6529999999999,185.25300000000001,74
"Elite Scissors, High Speed",628.587,56.667000000000016,44
"Novimex Color Coded Labels, Alphabetical",627.7488,50.428799999999995,65
"TRENDnet 56K USB 2.0 Phone, Internet and Fax Modem",626.538,212.298,25
Avaya 5410 Digital phone,625.508,-10.878400000000003,13
"Advantus Paper Clips, Metal",625.1582000000001,106.4282,55
"Xerox Memo Slips, Premium",625.086,156.20600000000002,61
Xerox 1880,623.744,285.6463999999999,18
"Advantus Thumb Tacks, 12 Pack",622.0522,-50.90780000000001,66
"Smead Box, Wire Frame",621.888,40.158,77
"BOSTON Ranger #55 Pencil Sharpener, Black",618.562,120.33369999999996,27
Plantronics MX500i Earset,618.4800000000001,-6.442500000000017,15
Xerox 1882,615.78,273.18240000000003,12
Xerox 1940,615.552,279.1968,12
"Xerox Parchment Paper, 8.5 x 11",615.438,157.648,46
"Hon Shipping Labels, Adjustable",615.2499,15.609900000000003,87
"GlobeWeis Clasp Envelope, Set of 50",614.46,146.1,72
"Harbour Creations Removable Labels, 5000 Label Set",614.3415000000001,128.8215,71
Eldon ProFile File 'N Store Portable File Tub Letter/Legal Size Black,614.058,127.446,35
"Companion Letter/Legal File, Black",611.712,149.52960000000002,17
"Performers Binder/Pad Holder, Black",611.0540000000001,106.51399999999998,36
"Tyvek  Top-Opening Peel & Seel  Envelopes, Gray",610.98,274.941,17
"OIC Staples, Bulk Pack",610.5078,7.7478,67
"Stiletto Ruler, Serrated",607.6026,-0.13740000000000574,62
"Eaton Parchment Paper, Premium",607.5868,43.19680000000001,56
Motorola L804,607.068,-13.33710000000003,19
"Hon Color Coded Labels, Alphabetical",606.9978,13.117800000000004,65
"Chromcraft Training Table, Fully Assembled",606.8656000000001,-70.45439999999995,4
Xblue XB-1670-86 X16 Small Office Telephone - Titanium,604.752,132.2895,5
Xerox 1911,603.54,279.736,13
"OIC Rubber Bands, Metal",601.077,147.397,43
Office Star - Task Chair with Contemporary Loop Arms,600.4680000000001,47.30959999999998,8
Lexmark 20R1285 X6650 Wireless All-in-One Printer,600.0,218.39999999999998,6
Anker Astro 15000mAh USB Portable Charger,599.88,-23.995200000000086,13
"Accos Rubber Bands, Bulk Pack",599.368,233.57800000000003,45
"Eaton Memo Slips, Premium",598.377,103.80699999999999,60
"Contico 72""H Heavy-Duty Storage System",598.308,-57.372,16
Hewlett-Packard Deskjet 5550 Printer,597.1320000000001,49.76099999999997,3
Xerox 1942,597.068,278.95799999999997,13
Grandstream GXP2100 Mainstream Business Phone,596.622,45.894000000000005,10
"Avery Index Tab, Economy",596.5155,136.31550000000001,92
"Fiskars Ruler, Easy Grip",594.5455,80.77550000000001,43
"Wilson Jones Hole Reinforcements, Recycled",594.3469,120.26689999999999,148
"Harbour Creations Legal Exhibit Labels, 5000 Label Set",594.1782,38.4082,63
"Xerox Color Copier Paper, 11"" x 17"", Ream",593.84,260.83279999999996,27
"OIC Thumb Tacks, Bulk Pack",593.285,135.10500000000002,55
"OIC Push Pins, Metal",592.683,145.723,56
"Accos Staples, 12 Pack",592.352,128.282,71
"Avery Removable Labels, Alphabetical",592.24,30.319999999999986,70
Microsoft Wireless Mobile Mouse 4000,591.852,183.95399999999995,15
"Elite Ruler, Easy Grip",591.5111999999999,-31.558799999999998,54
"Harbour Creations Legal Exhibit Labels, Alphabetical",590.914,245.404,65
"Novimex Legal Exhibit Labels, Laser Printer Compatible",590.7872,49.22720000000001,76
Panasonic KX TS3282B Corded phone,590.328,44.27459999999999,9
"Deflect-O Light Bulb, Duo Pack",589.4069999999999,-51.073,44
"Accos Paper Clips, Metal",587.7410000000001,-31.138999999999996,60
"Novimex Color Coded Labels, 5000 Label Set",587.6801,46.130100000000006,62
"Avery Legal Exhibit Labels, Adjustable",587.048,90.488,79
"Wilson Jones Hole Reinforcements, Durable",586.3170000000001,50.90699999999998,117
Xerox 1910,586.0880000000001,236.35679999999996,14
"Acco Hole Reinforcements, Economy",584.4816000000001,48.8316,106
"Acme Ruler, Serrated",583.6479,13.387900000000005,61
Wilson Jones Century Plastic Molded Ring Binders,583.637,55.24820000000001,48
"Accos Thumb Tacks, 12 Pack",583.395,3.784999999999994,62
"OIC Staples, Assorted Sizes",582.8063000000001,3.9262999999999906,84
Sony Micro Vault Click 8 GB USB 2.0 Flash Drive,582.6759999999999,57.32780000000002,13
"Acme Ruler, Easy Grip",582.6496000000001,-26.140400000000025,43
Fellowes Econo/Stor Drawers,581.58,-56.219400000000036,7
"Dana Fluorescent Magnifying Lamp, White, 36""",581.172,81.56799999999996,14
"Kleencut Box Cutter, Easy Grip",579.8363999999999,-20.20359999999997,29
"Novimex Shipping Labels, Adjustable",576.904,55.924,83
"Advantus Push Pins, Metal",575.9375,36.62749999999998,53
"Accos Push Pins, Metal",575.84,129.82,50
Canon PC170 Desktop Personal Copier,575.82,67.17899999999997,6
Xerox 1991,575.568,254.8944,26
"Howard Miller 16"" Diameter Gallery Wall Clock",575.46,107.41919999999999,12
"Accos Staples, Metal",575.4555,-28.504500000000007,62
"Acco Hole Reinforcements, Clear",574.056,-11.754000000000001,119
Avery 477,573.9639999999999,244.24,20
Panasonic KP-150 Electric Pencil Sharpener,573.648,126.8064,16
Xerox 1944,573.648,257.3664,16
"Avery Shipping Labels, Alphabetical",572.8025,113.73250000000002,64
PureGear Roll-On Screen Protector,571.7139999999999,218.29079999999993,34
First Data TMFD35 PIN Pad,571.2,119.952,4
"Advantus Thumb Tacks, Assorted Sizes",571.136,7.626,67
"Tyvek  Top-Opening Peel & Seel Envelopes, Plain White",570.78,225.0504,24
"Green Bar Memo Slips, Premium",569.633,34.772999999999996,52
"Green Canvas Binder for 8-1/2"" x 14"" Sheets",569.24,162.64,19
"Cameo Clasp Envelope, with clear poly window",565.5,156.93,51
Sanford 52201 APSCO Electric Pencil Sharpener,565.386,140.9368,14
Belkin F8E887 USB Wired Ergonomic Keyboard,563.812,66.27789999999996,21
Eldon Advantage Chair Mats for Low to Medium Pile Carpets,563.03,56.30299999999995,13
"GlobeWeis Business Envelopes, with clear poly window",559.3752,69.3852,34
"OIC Paper Clips, Metal",559.1080000000001,-12.932000000000002,56
"Cuisinart Toaster, Black",558.8710000000001,71.52099999999999,13
"GlobeWeis Clasp Envelope, with clear poly window",558.8351999999999,146.2452,55
Belkin F9M820V08 8 Outlet Surge,558.74,101.0029999999999,15
"Fiskars Letter Opener, Steel",558.2800000000001,-32.45000000000001,31
Microsoft Natural Ergonomic Keyboard 4000,557.814,107.66409999999998,19
"Kleencut Ruler, Steel",557.6256000000001,44.635600000000004,57
"Novimex Removable Labels, Laser Printer Compatible",557.0135,234.3935,69
Memorex Micro Travel Drive 16 GB,556.452,126.16109999999998,39
"OIC Paper Clips, Bulk Pack",554.593,131.07300000000004,54
Wilson Jones Heavy-Duty Casebound Ring Binders with Metal Hinges,554.24,157.95839999999993,22
"Accos Paper Clips, Bulk Pack",553.9392,72.37919999999998,49
"Xerox Message Books, Multicolor",553.5024000000001,-115.6776,38
"Enermax Memo Slips, Recycled",553.0983,153.4783,38
Jet-Pak Recycled Peel 'N' Seal Padded Mailers,552.7060000000001,177.65549999999993,19
Logitech Wireless Anywhere Mouse MX for PC and Mac,551.908,89.985,11
12-1/2 Diameter Round Wall Clock,551.4480000000001,91.1088,36
"Avery Removable Labels, Laser Printer Compatible",551.3916,103.49159999999999,61
"Hon Shipping Labels, 5000 Label Set",551.348,136.268,54
Kensington SlimBlade Notebook Wireless Mouse with Nano Receiver ,549.8900000000001,120.9758,13
"OIC Thumb Tacks, 12 Pack",549.0,-44.46,58
"Conquest 14 Commercial Heavy-Duty Upright Vacuum, Collection System, Accessory Kit",546.816,61.516799999999904,12
"Eldon Delta Triangular Chair Mat, 52"" x 58"", Clear",546.192,17.44779999999995,17
Panasonic Business Telephones KX-T7736,546.0600000000001,163.81799999999998,3
"Harbour Creations Legal Exhibit Labels, Adjustable",545.7795000000001,149.89950000000002,72
"Avery Trapezoid Ring Binder, 3"" Capacity, Black, 1040 sheets",545.034,85.23839999999996,22
"Jiffy Clasp Envelope, with clear poly window",543.906,113.92600000000003,67
Memorex Mini Travel Drive 64 GB USB 2.0 Flash Drive,543.6,228.312,15
Xerox 1884,543.456,204.5952,32
"Novimex Legal Exhibit Labels, 5000 Label Set",543.362,71.582,65
I Need's 3d Hello Kitty Hybrid Silicone Case Cover for HTC One X 4g with 3d Hello Kitty Stylus Pen Green/pink,542.984,95.20160000000003,52
"Avery Color Coded Labels, Alphabetical",541.443,145.423,52
O'Sullivan 5-Shelf Heavy-Duty Bookcases,540.804,-12.291000000000004,9
"Accos Rubber Bands, 12 Pack",540.3294,20.3094,52
"OIC Rubber Bands, 12 Pack",539.11,-30.310000000000002,43
Xerox 1935,538.152,239.00279999999998,21
"Cameo Clasp Envelope, Recycled",538.0725,-1.6674999999999827,83
Memorex Froggy Flash Drive 8 GB,536.05,189.57,32
Tensor Computer Mounted Lamp,536.04,144.73080000000002,36
"Hon File Folder Labels, 5000 Label Set",534.1546,160.46460000000002,74
"Advantus Staples, Bulk Pack",534.131,80.40100000000002,67
"Avery Hole Reinforcements, Recycled",533.8266,194.3466,139
Boston KS Multi-Size Manual Pencil Sharpener,533.3679999999999,119.54800000000002,25
Logitech ClearChat Comfort/USB Headset H390,533.078,160.21629999999996,19
"Cardinal Hole Reinforcements, Durable",532.836,78.806,92
Wilson Jones Legal Size Ring Binders,532.158,48.37800000000003,44
Howard Miller Distant Time Traveler Alarm Clock,531.9480000000001,192.2142,21
Newell 334,531.712,135.30880000000002,27
"Harbour Creations Color Coded Labels, 5000 Label Set",531.1569999999999,64.13700000000001,48
"Harbour Creations Shipping Labels, 5000 Label Set",529.1025000000001,33.71249999999999,60
Southworth 25% Cotton Premium Laser Paper and Envelopes,527.472,236.56320000000002,28
"Novimex Shipping Labels, Laser Printer Compatible",526.6374,45.49740000000002,68
"Premier Elliptical Ring Binder, Black",526.6120000000001,-201.51280000000003,46
"Boston Electric Pencil Sharpener, Model 1818, Charcoal Black",523.59,118.23000000000005,20
Space Solutions Industrial Galvanized Steel Shelving.,520.0799999999999,-20.487999999999946,7
"Wilson Jones Hole Reinforcements, Clear",519.9901,54.1701,147
Bevis Round Conference Room Tables and Bases,519.941,-39.44380000000006,4
"Avery Removable Labels, 5000 Label Set",519.8823,119.65230000000001,54
"Eaton Memo Slips, 8.5 x 11",519.712,93.59200000000001,35
Rogers Profile Extra Capacity Storage Tub,518.9399999999999,4.6871999999999705,32
"Decoflex Hanging Personal Folder File, Blue",518.112,124.13100000000004,35
Alphabetical Labels for Top Tab Filing,518.0,244.20000000000002,37
"Tenex Personal Project File with Scoop Front Design, Black",517.6320000000001,118.62399999999998,40
"OIC Staples, Metal",517.2280000000001,184.25799999999998,53
Xerox 1889,516.624,236.32799999999997,10
Cisco SPA112 2 Port Phone Adapter,516.5300000000001,87.37049999999995,11
Belkin F9H710-06 7 Outlet SurgeMaster Surge Protector,516.216,122.8368,29
Nokia Lumia 521 (T-Mobile),515.828,83.97200000000001,20
Bionaire Personal Warm Mist Humidifier/Vaporizer,515.7900000000001,201.15810000000002,11
"C-Line Cubicle Keepers Polyproplyene Holder w/Velcro Back, 8-1/2x11, 25/Bx",514.556,23.538199999999982,13
"Novimex File Folder Labels, Laser Printer Compatible",514.525,-7.204999999999999,77
DAX Natural Wood-Tone Poster Frame,513.712,123.92639999999996,23
Xerox 1887,512.1899999999999,216.25799999999998,30
Newell 319,511.872,123.00799999999995,28
"DataProducts Ampli Magnifier Task Lamp, Black,",508.72799999999995,99.58079999999997,21
"Hon Round Labels, Laser Printer Compatible",507.3144,61.33440000000001,112
Socket Bluetooth Cordless Hand Scanner (CHS),506.28,177.19799999999998,3
Deluxe Heavy-Duty Vinyl Round Ring Binder,504.24,88.24199999999999,33
Logitech Media Keyboard K200,503.85600000000005,50.38559999999998,16
"Maxell 74 Minute CD-R Spindle, 50/Pack",503.28,181.1808,24
"Fiskars Ruler, Serrated",502.22270000000003,94.04270000000001,59
Xerox 197,501.87600000000003,195.17399999999998,18
"Accos Rubber Bands, Assorted Sizes",501.61500000000007,45.254999999999995,54
"Avery Legal Exhibit Labels, Alphabetical",500.4888,11.688800000000004,52
"Howard Miller 11-1/2"" Diameter Grantwood Wall Clock",500.30800000000005,101.7868,14
Anker Ultra-Slim Mini Bluetooth 3.0 Wireless Keyboard,499.75,99.55019999999999,26
Xerox 1937,499.616,199.8464,12
"Advantus Paper Clips, Bulk Pack",497.8435,42.353500000000004,48
Jensen SMPS-640 - speaker phone,496.584,88.2816,12
"BOSTON Model 1800 Electric Pencil Sharpeners, Putty/Woodgrain",496.248,113.27399999999994,30
GBC VeloBinder Electric Binding Machine,496.018,-411.3319999999999,15
GE DSL Phone Line Filter,495.8760000000001,69.98249999999994,15
"Advantus Push Pins, 12 Pack",495.8646,181.0746,43
Belkin QODE FastFit Bluetooth Keyboard,495.6,16.10700000000001,9
"OIC Rubber Bands, Assorted Sizes",493.68,59.68,44
"Ibico Hole Reinforcements, Clear",492.37149999999997,109.51150000000001,98
"Novimex Shipping Labels, Alphabetical",492.19199999999995,180.192,60
Anker Ultrathin Bluetooth Wireless Keyboard Aluminum Cover with Stand ,491.83599999999996,32.988999999999976,17
Samsung HM1900 Bluetooth Headset,491.67999999999995,195.35500000000002,27
"Avery Hole Reinforcements, Durable",491.47560000000004,121.26559999999998,96
"Avery Color Coded Labels, Adjustable",490.6814999999999,74.82150000000001,55
"Hon Color Coded Labels, 5000 Label Set",490.59999999999997,82.83999999999999,44
"Accos Thumb Tacks, Bulk Pack",489.9264,21.896399999999993,51
"Elite Ruler, High Speed",489.854,-11.865999999999985,49
Xerox 1925,489.48400000000004,182.78199999999998,18
Rush Hierlooms Collection Rich Wood Bookcases,489.37919999999997,-70.83119999999995,4
"Novimex Color Coded Labels, Adjustable",489.168,87.55800000000002,57
"#10 White Business Envelopes,4 1/8 x 9 1/2",488.904,223.14079999999996,32
Clearsounds A400,488.32599999999996,-48.83259999999998,11
24-Hour Round Wall Clock,487.51200000000006,180.01980000000003,27
GBC Recycled VeloBinder Covers,487.344,100.87679999999993,42
"Smead Color Coded Labels, 5000 Label Set",486.5279999999999,147.588,41
"Eaton Memo Slips, Recycled",486.16749999999996,54.447500000000005,49
Safco Commercial Shelving,483.704,-7.441600000000015,11
"Sortfiler Multipurpose Personal File Organizer, Black",483.41400000000004,118.9284,24
AT&T CL82213,481.234,131.32469999999995,17
Fellowes Neat Ideas Storage Cubes,480.70399999999995,-18.18880000000001,16
NeatDesk Desktop Scanner & Digital Filing System,479.988,55.99859999999995,2
"Kraft Clasp Envelope, Set of 50",479.76,-5.58000000000001,72
Cherry 142-key Programmable Keyboard,479.72,52.76920000000001,4
"Hon Color Coded Labels, Adjustable",479.4152999999999,-0.6146999999999894,56
"Howard Miller 12"" Round Wall Clock",479.338,127.29959999999994,14
Kingston Digital DataTraveler 16GB USB 2.0,477.93,64.70849999999994,57
DAX Wood Document Frame,477.80400000000003,126.316,40
"iKross Bluetooth Portable Keyboard + Cell Phone Stand Holder + Brush for Apple iPhone 5S 5C 5, 4S 4",477.66,115.64399999999999,24
Fellowes Super Stor/Drawer,477.3,67.70999999999995,18
Newell 345,476.16,94.4384,26
AT&T SB67148 SynJ,475.128,89.74640000000002,8
"Avery Shipping Labels, Adjustable",474.7275,64.9275,63
"Memorex 25GB 6X Branded Blu-Ray Recordable Disc, 30/Pack",472.86,-32.269500000000015,17
"Harbour Creations Removable Labels, Laser Printer Compatible",472.7355,80.74549999999999,60
"Elite Ruler, Serrated",472.5,10.890000000000017,56
"Kleencut Ruler, Serrated",470.592,102.16199999999999,54
"Smead File Folder Labels, 5000 Label Set",470.5143,140.9343,62
"Hon Removable Labels, Laser Printer Compatible",470.3328,34.88279999999999,57
Enermax Briskie RF Wireless Keyboard and Mouse Combo,469.402,150.3748,24
"Tenex V2T-RE Standard Weight Series Chair Mat, 45"" x 53"", Lip 25"" x 12""",468.468,51.105599999999995,7
Dexim XPower Skin Super-Thin Power Case for iPhone 5 - Black,467.92,-14.622499999999981,11
Tenex Chairmats For Use with Hard Floors,467.712,-129.92000000000002,20
Jackery Bar Premium Fast-charging Portable Charger,467.22,192.279,18
Imation 32GB Pocket Pro USB 3.0 Flash Drive - 32 GB - Black - 1 P ...,467.21999999999997,143.76000000000002,18
"Seth Thomas 14"" Day/Date Wall Clock",467.072,162.05120000000002,17
"Smead Color Coded Labels, Laser Printer Compatible",466.581,39.551000000000016,50
GBC Recycled Grain Textured Covers,466.29,107.07400000000001,20
"Epson Calculator, White",466.12800000000004,-63.822,14
GBC Standard Therm-A-Bind Covers,466.0040000000001,8.47280000000004,34
Ricoh - Ink Collector Unit for GX3000 Series Printers,465.645,36.916000000000025,14
Belkin F5C206VTEL 6 Outlet Surge,464.196,110.30399999999996,22
"Avery Hole Reinforcements, Economy",463.97610000000003,24.886099999999992,128
Electrix Fluorescent Magnifier Lamps & Weighted Base,463.79600000000005,73.02320000000003,11
"Global Task Chair, Black",463.099,-80.40619999999998,12
V7 USB Numeric Keypad,461.8680000000001,-58.78320000000001,16
Newell 34,460.288,93.248,25
"Personal Filing Tote with Lid, Black/Gray",459.096,112.9128,31
"Acme Hot Forged Carbon Steel Scissors with Nickel-Plated Handles, 3 7/8"" Cut, 8""L",458.7,103.41599999999995,36
"IBM Multi-Purpose Copy Paper, 8 1/2 x 11"", Case",458.504,185.87999999999997,16
Acco Perma 4000 Stacking Storage Drawers,457.96799999999996,30.044,31
"Fiskars Ruler, High Speed",456.469,21.019,41
"Hon Legal Exhibit Labels, Adjustable",455.7536,74.36359999999999,59
"Smead Legal Exhibit Labels, Alphabetical",455.72799999999995,98.378,48
DAX Black Cherry Wood-Tone Poster Frame,455.456,61.433600000000006,24
9-3/4 Diameter Round Wall Clock,455.07,183.1312,34
Xerox 1881,454.36,207.0408,38
Panasonic KX - TS880B Telephone,453.41999999999996,122.42340000000002,11
"Acco Smartsocket Table Surge Protector, 6 Color-Coded Adapter Outlets",452.96500000000003,105.48499999999996,8
"Accos Staples, Assorted Sizes",452.59200000000004,62.852,81
Poly Designer Cover & Back,451.962,106.34400000000001,35
"HP Officejet Pro 8600 e-All-In-One Printer, Copier, Scanner, Fax",449.97,47.99679999999995,4
Mobile Personal File Cube,449.664,90.6354,21
"Novimex Removable Labels, 5000 Label Set",449.3811,12.821100000000005,56
Acco Smartsocket Color-Coded Six-Outlet AC Adapter Model Surge Protectors,448.902,-7.0416000000000025,14
"Acme 10"" Easy Grip Assistive Scissors",448.76800000000003,129.72199999999995,26
Hewlett-Packard Deskjet D4360 Printer,447.9680000000001,139.98999999999995,4
"Novimex File Folder Labels, Alphabetical",447.616,78.676,70
"Cardinal Hole Reinforcements, Economy",447.136,74.196,112
"Cardinal Hole Reinforcements, Clear",445.88800000000003,116.65799999999999,122
Boston 16801 Nautilus Battery Pencil Sharpener,444.60200000000003,69.9918,23
"Hon Round Labels, 5000 Label Set",444.2675,29.957499999999992,86
Rogers Deluxe File Chest,443.996,-34.728400000000015,22
Xerox 194,443.84,184.1936,9
Imation Clip USB flash drive - 8 GB,443.68,1.88,25
"Eaton Parchment Paper, Multicolor",443.424,15.474000000000022,40
"Novimex Round Labels, 5000 Label Set",442.60139999999996,104.1214,82
invisibleSHIELD by ZAGG Smudge-Free Screen Protector,442.554,171.2648,29
"Avery Removable Labels, Adjustable",442.08000000000004,40.28,64
"Seth Thomas 16"" Steel Case Clock",441.72799999999995,28.2576,19
"Smead Round Labels, Laser Printer Compatible",440.68,80.80000000000001,75
Micro Innovations USB RF Wireless Keyboard with Mouse,440.0,84.5,18
"Epson Calculator, Durable",439.7085,-66.84150000000001,15
"Harbour Creations Shipping Labels, Adjustable",439.6704,26.710400000000007,60
"Smead File Folder Labels, Adjustable",438.9146,65.7646,80
"Deflect-o SuperTray Unbreakable Stackable Tray, Letter, Black",437.7,138.3132,18
Prismacolor Color Pencil Set,436.48,155.54560000000004,24
Fellowes Basic Home/Office Series Surge Protectors,436.128,58.28019999999995,41
"Floodlight Indoor Halogen Bulbs, 1 Bulb per Pack, 60 Watts",434.55999999999995,197.10399999999998,24
"GBC Prepunched Paper, 19-Hole, for Binding Systems, 24-lb",433.78900000000004,125.78379999999994,38
"Stiletto Ruler, Steel",433.4932,105.1232,40
Acco 6 Outlet Guardian Premium Surge Suppressor,432.432,60.424,35
"Dixon Ticonderoga Core-Lock Colored Pencils, 48-Color Set",431.28999999999996,165.20600000000002,13
"Hon File Folder Labels, Laser Printer Compatible",430.96320000000003,-26.896800000000006,66
Advantus Rolling Storage Box,428.75,90.7235,27
Cisco SPA525G2 IP Phone - Wireless,426.93,43.09199999999998,26
O'Sullivan Cherrywood Estates Traditional Bookcase,424.9000000000001,27.193599999999975,6
"Enermax Parchment Paper, Recycled",424.677,-70.08299999999998,46
"Advantus Thumb Tacks, Metal",424.09600000000006,28.775999999999996,38
14-7/8 x 11 Blue Bar Computer Printout Paper,422.752,172.944,10
Canvas Sectional Post Binders,422.636,59.067200000000014,28
Round Specialty Laser Printer Labels,421.008,162.01289999999997,39
"Perixx PERIBOARD-512B, Ergonomic Split Keyboard",419.88,29.39160000000001,12
Motorla HX550 Universal Bluetooth Headset,419.22999999999996,122.60499999999999,15
"Harbour Creations Round Labels, 5000 Label Set",419.07039999999995,131.2104,71
Xerox 1939,417.34,200.32319999999999,22
"Novimex Legal Exhibit Labels, Alphabetical",417.08799999999997,76.518,51
Xerox 19,415.13200000000006,159.54699999999997,15
"Smead Shipping Labels, Laser Printer Compatible",413.5095,12.74950000000001,47
i.Sound Portable Power - 8000 mAh,413.322,-58.818900000000035,9
"Advantus Staples, 12 Pack",411.66859999999997,-27.511399999999988,53
"Acco Flexible ACCOHIDE Square Ring Data Binder, Dark Blue, 11 1/2"" X 14"" 7/8""",410.004,111.28679999999997,36
Kensington 6 Outlet Guardian Standard Surge Protector,409.6,110.592,20
Nu-Dell Executive Frame,409.53600000000006,98.9712,39
"Eaton Parchment Paper, Recycled",409.2942,103.2042,46
"Ames Clasp Envelope, with clear poly window",407.94100000000003,-59.04899999999999,52
"OIC Paper Clips, Assorted Sizes",407.88,139.33,41
"Advantus Push Pins, Bulk Pack",407.35890000000006,66.29889999999999,36
"Wilson Jones Hole Reinforcements, Economy",407.33760000000007,145.8876,119
"Tennsco Lockers, Sand",407.01200000000006,56.22639999999999,22
"Safco Wire Cube Shelving System, For Use as 4 or 5 14"" Cubes, Black",406.784,14.30099999999998,13
"TOPS Carbonless Receipt Book, Four 2-3/4 x 7-1/4 Money Receipts per Page",406.464,178.704,25
"Avery Hole Reinforcements, Clear",406.41450000000003,5.1445000000000025,146
Computer Printout Paper with Letter-Trim Perforations,405.95799999999997,169.21239999999997,24
"Boston Model 1800 Electric Pencil Sharpener, Gray",405.36,109.78499999999995,15
"Cameo Clasp Envelope, Set of 50",404.809,56.299,55
Model L Table or Wall-Mount Pencil Sharpener,402.976,92.1088,24
"Tennsco Lockers, Gray",402.81600000000003,-26.43480000000004,22
"Ames Clasp Envelope, Security-Tint",401.15200000000004,8.551999999999989,61
"Atlantic Metals Mobile 2-Shelf Bookcases, Custom Colors",400.0268,-113.26060000000003,3
"Harbour Creations Round Labels, Alphabetical",396.9594,75.8394,77
Lexmark X 9575 Professional All-in-One Color Printer,396.0,190.08,4
Griffin GC17055 Auxiliary Audio Cable,395.78,46.05440000000001,27
"Harbour Creations Shipping Labels, Laser Printer Compatible",393.8802,68.2402,51
"Seth Thomas 12"" Clock w/ Goldtone Case",390.66,132.8244,17
Ibico Standard Transparent Covers,390.576,104.81280000000002,34
Boston 1799 Powerhouse Electric Pencil Sharpener,389.70000000000005,109.116,15
Logitech Wireless Headset H600 Over-The-Head Design,386.90999999999997,133.269,10
Fellowes Advanced Computer Series Surge Protectors,386.75399999999996,100.66200000000002,15
"XtraLife ClearVue Slant-D Ring Binder, White, 3""",386.084,76.9232,39
Cisco Desktop Collaboration Experience DX650 IP Video Phone,385.80000000000007,130.20749999999998,5
OtterBox Commuter Series Case - Samsung Galaxy S4,384.846,-55.977599999999995,18
"Harbour Creations File Folder Labels, 5000 Label Set",383.8608,90.7608,54
"Logitech Wireless Boombox Speaker - portable - wireless, wired",383.04,148.95999999999998,4
Memorex Micro Travel Drive 32 GB,379.704,129.97560000000001,12
"Avery File Folder Labels, 5000 Label Set",379.449,-6.770999999999996,50
Eldon Advantage Foldable Chair Mats for Low Pile Carpets,379.40000000000003,-48.78000000000006,10
"Harbour Creations Round Labels, Laser Printer Compatible",378.0,72.36,63
AT&T EL51110 DECT,377.97,109.6113,3
"Executive Impressions 14""",377.91,166.28040000000001,17
Clear Mylar Reinforcing Strips,377.538,90.27269999999999,29
Globe Weis Peel & Seel First Class Envelopes,375.73199999999997,164.862,30
Tennsco Commercial Shelving,374.25600000000003,-48.612600000000036,21
"Maxell Pro 80 Minute CD-R, 10/Pack",374.072,122.36000000000001,24
"Memorex 25GB 6X Branded Blu-Ray Recordable Disc, 15/Pack",373.78,24.805400000000006,26
Acco Perma 3000 Stacking Storage Drawers,373.444,16.574199999999994,21
"Novimex File Folder Labels, 5000 Label Set",373.248,50.928,61
Avery 505,372.96000000000004,165.76,28
"Accos Push Pins, 12 Pack",372.60450000000003,50.19449999999998,41
"Smead Legal Exhibit Labels, Adjustable",371.43,56.459999999999994,53
"OIC Staples, 12 Pack",370.847,10.427000000000003,45
GBC Durable Plastic Covers,369.58500000000004,14.31899999999997,34
36X48 HARDFLOOR CHAIRMAT,369.248,-40.49140000000003,21
"Multi-Use Personal File Cart and Caster Set, Three Stacking Bins",368.45599999999996,93.15679999999999,11
Lenovo 17-Key USB Numeric Keypad,367.092,22.43339999999997,13
Logitech Wireless Touch Keyboard K400,364.854,53.72849999999995,15
"Eldon Executive Woodline II Desk Accessories, Mahogany",361.87199999999996,50.008700000000005,17
SanDisk Cruzer 32 GB USB Flash Drive,361.38,102.70799999999998,20
KeyTronic 6101 Series - Keyboard - Black,360.712,127.06900000000002,10
"Deflect-O Light Bulb, Durable",359.8091999999999,66.39920000000002,30
Microsoft Arc Touch Mouse,359.70000000000005,91.124,7
"Harbour Creations Shipping Labels, Alphabetical",358.328,80.588,39
"Seth Thomas 14"" Putty-Colored Wall Clock",357.948,94.76819999999998,13
"Novimex Round Labels, Laser Printer Compatible",357.8289,130.3089,67
Holmes Odor Grabber,357.616,67.77399999999997,30
Imation 8gb Micro Traveldrive Usb 2.0 Flash Drive,357.0,23.25000000000001,25
"Smead File Folder Labels, Alphabetical",356.236,53.71600000000001,46
Kingston Digital DataTraveler 32GB USB 2.0,355.95,5.423999999999988,22
"OIC Clamps, Assorted Sizes",354.73199999999997,-2.4479999999999933,31
Aluminum Screw Posts,354.032,41.20200000000001,41
Pizazz Global Quick File,353.29200000000003,94.61040000000003,24
"Accos Thumb Tacks, Metal",352.36,25.530000000000005,32
Xerox 1929,351.736,154.39839999999998,16
I.R.I.S IRISCard Anywhere 5 Card Scanner,350.97300000000007,152.08829999999998,3
Imation 8GB Mini TravelDrive USB 2.0 Flash Drive,350.204,8.755100000000013,13
Eldon Gobal File Keepers,348.22,-0.6056000000000257,24
"SimpliFile Personal File, Black Granite, 15w x 6-15/16d x 11-1/4h",347.31,85.80600000000003,32
"Executive Impressions 14"" Contract Wall Clock",346.788,93.58829999999998,17
Trimflex Flexible Post Binders,346.356,112.88640000000001,21
Sterilite Officeware Hinged File Box,345.84000000000003,78.07600000000001,35
"Advantus Staples, Assorted Sizes",345.8345,59.9045,50
Eldon Simplefile Box Office,345.832,77.128,30
"GlobeWeis Clasp Envelope, Recycled",344.81,48.589999999999996,53
2300 Heavy-Duty Transfer File Systems by Perma,344.724,20.983199999999968,16
Fellowes Mighty 8 Compact Surge Protector,344.59000000000003,67.29640000000002,19
Eldon Cleatmat Chair Mats for Medium Pile Carpets,344.1,-42.179999999999964,8
"Harbour Creations File Folder Labels, Adjustable",343.434,-15.966,66
"Acco Six-Outlet Power Strip, 4' Cord Length",343.076,81.5452,41
GBC VeloBind Cover Sets,342.768,18.52800000000002,42
Tops Green Bar Computer Printout Paper,342.58,171.29,7
Boston 19500 Mighty Mite Electric Pencil Sharpener,342.55,92.4885,17
"Fiskars Ruler, Steel",342.062,8.912000000000006,34
"Kraft Clasp Envelope, Security-Tint",342.0,12.5,34
"Brother MFC-9340CDW LED All-In-One Printer, Copier Scanner",341.99100000000004,-319.1916,3
Classic Ivory Antique Telephone ZL1810,341.666,40.19600000000001,4
Letter Size File,341.4200000000001,59.54999999999996,10
Anker 36W 4-Port USB Wall Charger Travel Power Adapter for iPhone 5s 5c 5,339.83,23.188400000000023,22
Luxo Economy Swing Arm Lamp,338.98,94.91440000000003,17
"Tenex File Box, Personal Filing Tote with Lid, Black",338.118,62.66040000000001,24
"Smead File Folder Labels, Laser Printer Compatible",337.8248,-25.125199999999996,52
"White Business Envelopes with Contemporary Seam, Recycled White Business Envelopes",336.952,150.972,34
Wasp CCD Handheld Bar Code Reader,336.51,44.86799999999997,3
"BlueLounge Milo Smartphone Stand, White/Metallic",335.888,76.77440000000001,12
Xerox 226,334.36800000000005,155.7792,53
"Square Ring Data Binders, Rigid 75 Pt. Covers, 11"" x 14-7/8""",334.368,98.2464,22
"Contract Clock, 14"", Brown",334.096,29.453200000000002,21
Holmes 99% HEPA Air Purifier,333.564,86.85659999999999,17
Eldon Econocleat Chair Mats for Low Pile Carpets,331.76,39.811199999999985,8
Bulldog Vacuum Base Pencil Sharpener,330.924,59.59029999999998,31
SanDisk Ultra 16 GB MicroSDHC Class 10 Memory Card,329.946,-48.58260000000004,31
Xerox 1979,328.38800000000003,140.959,11
"Smead Removable Labels, Laser Printer Compatible",326.456,46.385999999999996,43
"Avery Round Labels, Laser Printer Compatible",326.0838,50.80380000000001,62
"Smead Shipping Labels, Adjustable",325.876,20.056000000000004,45
Multimedia Mailers,325.86,149.8956,2
KeyTronic E03601U1 - Keyboard - Beige,324.0,58.31999999999997,18
RCA ViSYS 25425RE1 Corded phone,323.97600000000006,36.44729999999997,3
Sauder Cornerstone Collection Library,322.192,-81.16760000000004,14
Kensington K72356US Mouse-in-a-Box USB Desktop Mouse,321.846,106.17599999999999,20
Personal Creations Ink Jet Cards and Labels,321.44,157.50560000000002,28
"White Envelopes, White Envelopes with Clear Poly Window",320.25,139.07999999999998,22
Konica Minolta magicolor 1690MF Multifunction Printer,319.92,118.37040000000002,8
X-Rack File for Hanging Folders,318.378,67.73999999999998,30
"Rogers Jumbo File, Granite",317.77200000000005,-4.888800000000007,24
"Harbour Creations File Folder Labels, Alphabetical",317.60400000000004,47.284,50
"Ames Clasp Envelope, Set of 50",317.232,109.302,53
"Seth Thomas 13 1/2"" Wall Clock",316.48400000000004,71.11999999999998,20
"Executive Impressions 13"" Clairmont Wall Clock",315.372,88.45800000000001,20
"Avery Trapezoid Extra Heavy Duty 4"" Binders",314.55,2.1316282072803006e-14,15
"Hon Removable Labels, 5000 Label Set",312.759,33.25899999999999,41
"GBC Pre-Punched Binding Paper, Plastic, White, 8-1/2"" x 11""",310.206,52.44719999999999,31
"Hon Round Labels, Alphabetical",309.96000000000004,71.78999999999999,55
"Executive Impressions 14"" Two-Color Numerals Wall Clock",308.99199999999996,94.51520000000002,16
Recycled Easel Ring Binders,308.844,21.633999999999965,35
Fiskars Softgrip Scissors,307.44,86.08320000000002,28
Acme Box Cutter Scissors,306.9,72.22380000000003,31
3M Replacement Filter for Office Air Cleaner for 20' x 33' Room,303.36,-20.476799999999976,14
"Smead Removable Labels, 5000 Label Set",302.365,37.32499999999999,45
Eldon Fold 'N Roll Cart System,301.968,63.7488,24
Eldon Shelf Savers Cubes and Bins,300.14,-7.678000000000013,45
Lexmark S315 Color Inkjet Printer,299.97,34.99649999999999,5
Tensor Track Tree Floor Lamp,299.85,38.180899999999994,17
Honeywell Enviracaire Portable Air Cleaner for up to 8 x 10 Room,299.20799999999997,-177.22320000000008,9
Memorex Micro Travel Drive 8 GB,299.0,113.09999999999998,26
Coloredge Poster Frame,298.2,116.298,21
Boston Home & Office Model 2000 Electric Pencil Sharpeners,297.98999999999995,70.477,13
Maxell DVD-RAM Discs,296.64,127.55520000000001,18
"Vinyl Coated Wire Paper Clips in Organizer Box, 800/Box",296.184,119.73639999999999,29
Xerox 1933,294.71999999999997,138.5184,24
Stanley Contemporary Battery Pencil Sharpeners,293.7,63.012,24
Micropad Numeric Keypads,291.854,66.96649999999998,15
"Accos Staples, Bulk Pack",291.48900000000003,17.268999999999984,45
"DAX Contemporary Wood Frame with Silver Metal Mat, Desktop, 11 x 14 Size",291.45599999999996,97.15199999999997,15
"Avery Round Labels, Alphabetical",291.392,47.112,52
Acco 6 Outlet Guardian Premium Plus Surge Suppressor,289.456,-113.76720000000003,31
Peel-Off China Markers,287.97,109.4286,31
"Acco Data Flex Cable Posts For Top & Bottom Load Binders, 6"" Capacity",287.868,64.1445,39
"#10- 4 1/8"" x 9 1/2"" Recycled Envelopes",286.672,115.28059999999999,37
OtterBox Commuter Series Case - iPhone 5 & 5s,285.87,102.91319999999999,16
"Fellowes Personal Hanging Folder Files, Navy",284.716,52.645600000000016,24
Embossed Ink Jet Note Cards,284.382,108.33599999999998,15
"Iris 3-Drawer Stacking Bin, Black",284.104,-43.4512,16
"Novimex File Folder Labels, Adjustable",283.71999999999997,61.39,61
"REDIFORM Incoming/Outgoing Call Register, 11"" X 8 1/2"", 100 Messages",281.892,127.602,37
Lunatik TT5L-002 Taktik Strike Impact Protection System for iPhone 5,281.658,6.122999999999983,6
Xerox 1898,280.56,120.7744,46
Memorex Mini Travel Drive 32 GB USB 2.0 Flash Drive,280.0,109.2,14
"Epson WorkForce WF-2530 All-in-One Printer, Copier Scanner",279.96,120.3828,4
Macally Suction Cup Mount,279.63,-31.07,26
Westinghouse Clip-On Gooseneck Lamps,279.558,44.193599999999996,38
"Jiffy Clasp Envelope, Security-Tint",279.55199999999996,-17.787999999999993,35
Acme Forged Steel Scissors with Black Enamel Handles,279.3,67.77679999999998,32
"Tenex Personal Filing Tote With Secure Closure Lid, Black/Frost",279.18,23.26499999999998,22
Storex Dura Pro Binders,278.586,50.549399999999984,71
Belkin 8-Outlet Premiere SurgeMaster II Surge Protectors,277.92,83.37599999999998,4
"Avery Address/Shipping Labels for Typewriters, 4"" x 2""",277.38,126.684,28
Large Capacity Hanging Post Binders,276.945,-19.461000000000023,22
"Smead Round Labels, 5000 Label Set",276.82560000000007,-23.854400000000002,51
"Neat Ideas Personal Hanging Folder Files, Black",276.658,58.017599999999995,22
HP Standard 104 key PS/2 Keyboard,275.5,58.0,20
Stanley Bostitch Contemporary Electric Pencil Sharpeners,275.076,42.7896,19
Seidio BD2-HK3IPH5-BK DILEX Case and Holster Combo for Apple iPhone 5/5s - Black,272.88800000000003,27.28879999999999,11
Fellowes Binding Cases,271.44,71.95499999999996,31
Advantus Panel Wall Certificate Holder - 8.5x11,270.84,108.09200000000001,23
Adjustable Personal File Tote,270.24800000000005,53.39840000000002,18
Plastic Binding Combs,269.67,84.99149999999999,23
"GBC Twin Loop Wire Binding Elements, 9/16"" Spine, Black",269.394,-2.2830000000000368,35
"GBC White Gloss Covers, Plain Front",269.32800000000003,31.42159999999999,31
"Xerox Memo Slips, Multicolor",268.67100000000005,-8.599000000000006,20
"Recycled Desk Saver Line ""While You Were Out"" Book, 5 1/2"" X 4""",268.5,123.50999999999999,30
Xerox 1938,268.24,93.884,7
Eldon Wave Desk Accessories,266.72999999999996,98.99960000000002,61
Avery 475,266.40000000000003,133.20000000000002,18
Belkin F9S820V06 8 Outlet Surge,266.33599999999996,-120.17600000000007,17
"Avery Round Labels, 5000 Label Set",266.311,-6.288999999999993,48
Belkin Standard 104 key USB Keyboard,265.538,5.106499999999985,21
Ultra Door Pull Handle,265.104,74.79719999999999,27
Maxell 4.7GB DVD+RW 3/Pack,264.438,88.4115,17
"Smead Color Coded Labels, Adjustable",264.187,18.817000000000014,35
"Avery File Folder Labels, Adjustable",264.186,100.546,48
"Peel & Seel Recycled Catalog Envelopes, Brown",264.024,113.48400000000001,26
Newell 324,263.34000000000003,72.072,23
"Southworth 100% Résumé Paper, 24lb.",262.964,113.199,35
"Jiffy Clasp Envelope, Recycled",262.78799999999995,26.07800000000002,52
"Eldon Expressions Desk Accessory, Wood Photo Frame, Mahogany",262.752,-7.616000000000044,20
"Kraft Clasp Envelope, Recycled",262.72999999999996,57.500000000000014,46
File Shuttle I and Handi-File,262.668,51.420600000000015,13
Belkin 6 Outlet Metallic Surge Strip,262.449,28.7496,29
"LF Elite 3D Dazzle Designer Hard Case Cover, Lf Stylus Pen and Wiper For Apple Iphone 5c Mini Lite",261.6,41.85600000000001,28
Hand-Finished Solid Wood Document Frame,260.14799999999997,68.46,8
3M Office Air Cleaner,259.8,90.93,10
Desktop 3-Pocket Hot File,259.68,59.51000000000001,5
"Recycled Interoffice Envelopes with String and Button Closure, 10 x 13",259.092,115.152,12
"Executive Impressions 10"" Spectator Wall Clock",258.72,87.96479999999998,22
"GBC Standard Recycled Report Covers, Clear Plastic Sheets",258.72,-27.165600000000026,51
Avery Legal 4-Ring Binder,258.05400000000003,90.214,16
"Avery Round Labels, Adjustable",258.0144,-7.905599999999998,65
Mediabridge Sport Armband iPhone 5s,257.742,-38.961000000000006,30
GBC Poly Designer Binding Covers,256.122,102.44879999999998,18
Berol Giant Pencil Sharpener,254.85,49.78069999999997,17
"Hon File Folder Labels, Adjustable",254.84199999999996,42.54200000000001,53
"Executive Impressions 13"" Chairman Wall Clock",253.8,72.333,11
"Linden 10"" Round Wall Clock, Black",253.648,41.8672,21
Apple EarPods with Remote and Mic,251.91,50.382,10
Magnifier Swing Arm Lamp,251.76,65.4576,12
Sony 32GB Class 10 Micro SDHC R40 Memory Card,251.4,52.794,12
Hanging Personal Folder File,251.2,51.02500000000001,17
Sony Micro Vault Click 4 GB USB 2.0 Flash Drive,250.92,35.12880000000001,18
"Hon Round Labels, Adjustable",250.7088,55.6488,68
"Novimex Round Labels, Alphabetical",250.50199999999998,51.172000000000004,63
Avery 473,248.4,119.232,24
Belkin OmniView SE Rackmount Kit,248.35999999999999,0.0,7
"Verbatim 25 GB 6x Blu-ray Single Layer Recordable Disc, 25/Pack",248.29199999999997,91.0404,12
Nu-Dell Leatherette Frames,246.64800000000002,81.4512,18
"Wirebound Message Books, Four 2 3/4"" x 5"" Forms per Page, 600 Sets per Book",246.582,109.0152,28
Strathmore Photo Mount Cards,245.436,106.3104,38
SAFCO Optional Arm Kit for Workspace Cribbage Stacking Chair,245.08800000000002,14.918399999999988,12
Xerox 1890,244.7,122.35,5
Brown Kraft Recycled Envelopes,244.512,117.16199999999999,15
Aluminum Document Frame,244.40000000000003,56.21199999999997,22
Fellowes Advanced 8 Outlet Surge Suppressor with Phone/Fax Protection,244.288,41.64,10
GBC Imprintable Covers,241.56000000000003,39.9672,36
Quality Park Security Envelopes,240.76400000000004,88.19290000000001,11
RCA H5401RE1 DECT 6.0 4-Line Cordless Handset With Caller ID/Call Waiting,239.97,2.399699999999981,3
Logitech M510 Wireless Mouse,239.94,52.3869,7
"Belkin SportFit Armband For iPhone 5s/5c, Fuchsia",239.84,79.2971,21
Holmes HEPA Air Purifier,239.58,41.38199999999999,14
"Avery Flip-Chart Easel Binder, Black",239.466,37.8222,17
Xerox 216,238.46400000000003,96.9408,42
Wilson Jones Leather-Like Binders with DublLock Round Rings,238.329,25.49159999999997,46
Xerox 1982,237.536,89.53279999999998,12
Martin-Yale Premier Letter Opener,236.99200000000002,-12.880000000000003,20
Recycled Eldon Regeneration Jumbo File,235.77599999999998,58.943999999999996,20
Avery 50,235.564,102.746,20
Acco D-Ring Binder w/DublLock,235.17999999999998,-102.8378,31
DAX Two-Tone Silver Metal Document Frame,234.784,84.80560000000001,13
Newell 312,234.768,34.455999999999996,49
Spigen Samsung Galaxy S5 Case Wallet,234.462,45.87299999999999,15
Panasonic KP-4ABK Battery-Operated Pencil Sharpener,234.24,67.92960000000001,16
"Xerox Parchment Paper, Recycled",233.41629999999998,9.296300000000002,24
"Maxell 74 Minute CDR, 10/Pack",232.764,72.5676,26
Petty Cash Envelope,231.856,94.36,10
"Tenex Personal Self-Stacking Standard File Box, Black/Gray",229.976,44.811499999999995,15
Black & Decker Filter for Double Action Dustbuster Cordless Vac BLDV7210,229.88600000000002,53.696,28
Dixon Ticonderoga Core-Lock Colored Pencils,229.572,58.66839999999999,28
Advantus Motivational Note Cards,227.94,94.32,20
"Adams Phone Message Book, 200 Message Capacity, 8 1/16” x 11”",227.04,104.4384,33
Iris Project Case,225.036,47.879999999999995,30
Advantus Plastic Paper Clips,225.0,102.8,47
Cisco 8961 IP Phone Charcoal,224.93700000000004,-164.9538,3
Portable Personal File Box,224.66400000000002,55.311300000000024,19
iOttie XL Car Mount,223.88799999999998,-50.37480000000001,14
"Novimex Legal Exhibit Labels, Adjustable",223.53480000000002,-31.48520000000001,40
"Adams Telephone Message Book w/Frequently-Called Numbers Space, 400 Messages per Book",223.44000000000003,111.72000000000001,28
"Avery Hi-Liter EverBold Pen Style Fluorescent Highlighters, 4/Pack",219.78,68.376,31
"Letter/Legal File Tote with Clear Snap-On Lid, Black Granite",218.416,52.0344,14
"Wirebound Message Books, Four 2 3/4 x 5 White Forms per Page",218.094,95.2656,34
Avery Non-Stick Binders,217.316,43.552999999999976,71
"Fiskars 8"" Scissors, 2/Pack",217.224,45.85839999999997,14
ARKON Windshield Dashboard Air Vent Car Mount Holder,216.95999999999998,-15.594000000000019,14
3M Polarizing Light Filter Sleeves,216.34,75.34599999999998,14
"DAX Two-Tone Rosewood/Black Document Frame, Desktop, 5 x 7",216.144,73.94400000000002,25
iOttie HLCRIO102 Car Mount,215.892,-11.994000000000028,12
Xerox 214,215.13600000000002,90.4608,37
DXL Angle-View Binders with Locking Rings by Samsill,215.109,66.6915,35
Cisco SPA 501G IP Phone,213.48,16.01099999999998,3
Xerox 188,213.192,97.524,20
GBC Wire Binding Strips,212.658,-18.409199999999977,14
Wilson Jones Turn Tabs Binder Tool for Ring Binders,212.08,58.5148,59
"Smead Round Labels, Alphabetical",211.61280000000002,7.792800000000003,43
Standard Line “While You Were Out” Hardbound Telephone Message Book,211.00799999999998,80.4468,11
"Novimex Round Labels, Adjustable",210.94639999999998,35.656400000000005,67
"Seth Thomas 8 1/2"" Cubicle Clock",210.912,59.217600000000004,11
Xerox 1931,209.95200000000003,88.6464,36
"Sanford Prismacolor Professional Thick Lead Art Pencils, 36-Color Set",209.664,49.79520000000001,7
SANFORD Major Accent Highlighters,209.56799999999998,77.88000000000001,30
Cardinal EasyOpen D-Ring Binders,209.30600000000004,26.506,40
Ibico Plastic and Wire Spiral Binding Combs,208.221,21.580799999999993,41
Acco Perma 2700 Stacking Storage Drawers,208.18,5.948000000000015,8
Logitech LS21 Speaker System - PC Multimedia - 2.1-CH - Wired,207.896,62.76859999999998,11
GBC Linen Binding Covers,207.56600000000003,-82.40680000000003,18
Global Enterprise Series Seating Low-Back Swivel/Tilt Chairs,207.18400000000003,25.897999999999985,1
Epson Perfection V600 Photo Scanner,206.99100000000004,-172.4925,3
JM Magazine Binder,204.72400000000002,50.19040000000001,18
Texas Instruments TI-34 Scientific Calculator,204.507,64.6506,12
"Holmes Replacement Filter for HEPA Air Cleaner, Medium Room",203.94,87.69420000000002,18
Kingston Digital DataTraveler 64GB USB 2.0,202.68,16.214399999999983,6
"Avery File Folder Labels, Laser Printer Compatible",201.5824,61.0924,30
Pyle PRT45 Retro Home Telephone,201.568,22.676399999999997,4
Fellowes Desktop Hanging File Manager,201.45000000000002,50.362500000000004,15
Xerox 1912,201.082,92.57359999999998,11
Southworth 25% Cotton Antique Laid Paper & Envelopes,200.16,80.89799999999998,26
PayAnywhere Card Reader,199.80000000000004,17.482499999999998,25
Bionaire 99.97% HEPA Air Cleaner,199.72799999999998,17.52,16
Laser & Ink Jet Business Envelopes,198.462,83.226,20
Eldon 500 Class Desk Accessories,197.948,60.4707,17
"Angle-D Binders with Locking Rings, Label Holders",197.82999999999998,35.33199999999999,42
"Inter-Office Recycled Envelopes, Brown Kraft, Button-String,10"" x 13"" , 100/Box",197.82,81.32600000000001,10
Panasonic KP-310 Heavy-Duty Electric Pencil Sharpener,197.82,59.346000000000004,9
"Square Credit Card Reader, 4 1/2"" x 4 1/2"" x 1"", White",197.80200000000002,54.84509999999998,27
"Eureka Hand Vacuum, Bagless",197.72,55.36160000000001,4
"Alliance Super-Size Bands, Assorted Sizes",197.612,-10.347400000000002,27
Avery Recycled Flexi-View Covers for Binding Systems,197.169,-69.57020000000001,32
Xerox 225,196.99200000000002,85.79520000000001,33
"Rediform S.O.S. 1-Up Phone Message Bk, 4-1/4x3-1/16 Bk, 1 Form/Pg, 40 Messages/Bk, 3/Pk",196.98000000000002,94.55040000000001,21
Newell 309,196.35000000000002,34.64999999999999,20
"DAX Executive Solid Wood Document Frame, Desktop or Hang, Mahogany, 5 x 7",196.24800000000002,55.10039999999998,17
Acme Tagit Stainless Steel Antibacterial Scissors,196.02,37.026,22
Acme Galleria Hot Forged Steel Scissors with Colored Handles,195.052,49.86409999999998,13
"Career Cubicle Clock, 8 1/4"", Black",194.68800000000002,68.952,10
Memorex Mini Travel Drive 8 GB USB 2.0 Flash Drive,194.54399999999998,53.268,20
Contemporary Wood/Metal Frame,193.92000000000002,4.847999999999976,18
Project Tote Personal File,193.61399999999998,44.19449999999997,15
"Wilson Jones Clip & Carry Folder Binder Tool for Ring Binders, Clear",191.98,50.228,47
Computer Printout Paper with Letter-Trim Fine Perforations,191.6,91.968,4
Xerox 1895,191.36,82.82300000000001,33
Avery Premier Heavy-Duty Binder with Round Locking Rings,191.35199999999998,29.416800000000002,21
Sony 16GB Class 10 Micro SDHC R40 Memory Card,190.77200000000002,5.155999999999994,16
"Harbour Creations Round Labels, Adjustable",190.092,52.572,47
Gear Head AU3700S Headset,189.65400000000002,-11.950800000000013,16
Speck Products Candyshell Flip Case,188.94600000000003,-18.19480000000001,8
Xerox 209,187.92000000000002,90.2016,29
White GlueTop Scratch Pads,186.49599999999998,72.79359999999997,14
"Wirebound Message Book, 4 per Page",184.62,87.69449999999999,35
"Verbatim 25 GB 6x Blu-ray Single Layer Recordable Disc, 3/Pack",184.536,67.10400000000001,30
GBC Wire Binding Combs,184.05200000000002,41.56679999999999,26
Ibico Covers for Plastic or Wire Binding Elements,184.0,57.49999999999999,20
"Eldon Expressions Wood Desk Accessories, Oak",183.024,10.110599999999977,33
Xerox 1955,182.72,59.38399999999999,10
"Fellowes Twister Kit, Gray/Clear, 3/pkg",182.508,-3.2159999999999993,42
Deluxe Chalkboard Eraser Cleaner,182.49,76.461,17
"Speediset Carbonless Redi-Letter 7"" x 8 1/2""",181.45600000000002,77.6343,19
"Fellowes Smart Surge Ten-Outlet Protector, Platinum",180.66,50.58480000000001,3
"Perma STOR-ALL Hanging File Box, 13 1/8""W x 12 1/4""D x 10 1/2""H",180.596,16.80379999999998,33
"Tenex Traditional Chairmats for Hard Floors, Average Lip, 36"" x 48""",180.46,-46.403999999999996,4
"Eldon Image Series Desk Accessories, Ebony",180.31,55.822,18
Okidata B401 Printer,179.99100000000004,-251.98739999999992,3
Super Decoflex Portable Personal File,179.76000000000002,39.5472,13
"Elite 5"" Scissors",179.14,37.179999999999986,24
"Cardinal Slant-D Ring Binder, Heavy Gauge Vinyl",179.014,5.387800000000007,37
Xerox 1997,178.848,77.76,30
Xerox 1892,178.296,79.458,5
"Jiffy Clasp Envelope, Set of 50",177.81239999999997,39.6624,33
Personal File Boxes with Fold-Down Carry Handle,177.612,37.391999999999996,12
Avery 490,177.60000000000002,81.4,13
"Master Caster Door Stop, Brown",176.784,49.377599999999994,38
Heavy-Duty E-Z-D Binders,176.74200000000002,9.055300000000006,29
"Executive Impressions 12"" Wall Clock",176.70000000000002,23.324400000000004,14
Crate-A-Files,176.58,31.39199999999999,18
Avery 499,176.292,68.72399999999999,40
"#10-4 1/8"" x 9 1/2"" Premium Diagonal Seam Envelopes",176.288,63.747,13
Xerox 1996,176.25600000000003,81.9072,28
"DAX Value U-Channel Document Frames, Easel Back",175.938,52.4832,36
Tenex Chairmats For Use With Carpeted Floors,175.78,8.788999999999994,11
Griffin GC36547 PowerJolt SE Lightning Charger,175.422,17.991999999999976,10
"Acco PRESSTEX Data Binder with Storage Hooks, Dark Blue, 14 7/8"" X 11""",175.388,73.8674,37
Wilson Jones International Size A4 Ring Binders,174.73000000000002,12.802000000000003,18
Xerox 1978,174.556,74.33080000000001,34
Logitech Keyboard K120,174.24,-19.601999999999986,12
Square Credit Card Reader,173.82600000000002,11.188800000000004,22
BIC Liqua Brite Liner,173.5,53.576800000000006,27
GBC Plastic Binding Combs,172.692,59.778000000000006,30
"Adams Telephone Message Book W/Dividers/Space For Phone Numbers, 5 1/4""X8 1/2"", 200/Messages",172.672,72.704,32
Lumber Crayons,171.39000000000001,55.357000000000006,19
4009 Highlighters by Sanford,171.14,53.80959999999998,44
"DAX Copper Panel Document Frame, 5 x 7 Size",171.088,39.75280000000001,18
Xerox 202,171.072,76.7232,28
Boston 1730 StandUp Electric Pencil Sharpener,171.04,44.4704,8
Avery Heavy-Duty EZD View Binder with Locking Rings,170.984,29.730799999999988,41
Logitech Illuminated Ultrathin Keyboard with Backlighting,170.97,70.0977,3
Euro Pro Shark Stick Mini Vacuum,170.74399999999997,-325.6332,11
Nu-Dell Float Frame 11 x 14 1/2,170.62,56.0352,22
Great White Multi-Use Recycled Paper (20Lb. and 84 Bright),169.832,64.58399999999999,32
Xerox 1894,169.776,78.7968,27
Xerox 1973,169.01600000000002,70.34719999999999,8
Electrix 20W Halogen Replacement Bulb for Zoom-In Desk Lamp,168.84,78.256,13
"DAX Charcoal/Nickel-Tone Document Frame, 5 x 7",168.744,48.821999999999996,23
Hoover Commercial SteamVac,168.392,35.308,14
Avery 486,168.13,75.1468,24
"Westinghouse Floor Lamp with Metal Mesh Shade, Black",167.93,38.623899999999985,7
"Ames Clasp Envelope, Recycled",166.8,20.38,34
Southworth 25% Cotton Linen-Finish Paper & Envelopes,166.704,67.044,20
Acme Softgrip Scissors,166.056,33.1298,23
Xerox 1968,165.664,75.35040000000001,26
GBC Instant Report Kit,164.98499999999999,3.23499999999999,50
Xerox 195,164.328,70.54079999999999,27
Security-Tint Envelopes,163.496,73.8788,23
"GE General Use Halogen Bulbs, 100 Watts, 1 Bulb per Pack",163.33200000000002,3.1410000000000053,15
"DAX Metal Frame, Desktop, Stepped-Edge",161.92,26.109600000000007,11
"It's Hot Message Books with Stickers, 2 3/4"" x 5""",161.32000000000002,59.56999999999999,25
"Eldon Expressions Wood and Plastic Desk Accessories, Cherry Wood",160.54000000000002,46.55659999999999,23
"Black Print Carbonless Snap-Off Rapid Letter, 8 1/2"" x 7""",160.336,65.13649999999998,19
RCA ViSYS 25423RE1 Corded phone,159.984,13.998599999999987,2
Acme Office Executive Series Stainless Steel Trimmers,159.402,26.2242,21
Avery 489,159.39,73.278,16
DAX Wood Document Frame.,159.268,7.688799999999997,16
"Eldon 400 Class Desk Accessories, Black Carbon",159.25,47.60000000000002,22
"Ultra Door Kickplate, 8""H x 34""W",158.24,27.691999999999993,10
Belkin 7 Outlet SurgeMaster Surge Protector with Phone Protection,157.92,17.76599999999999,5
GBC Personal VeloBind Strips,156.93800000000002,-11.261200000000002,27
Artistic Insta-Plaque,156.8,61.152,10
Xerox 1936,155.844,60.5394,9
"Eldon Expressions Punched Metal & Wood Desk Accessories, Black & Cherry",155.70800000000003,20.636000000000003,20
Weyerhaeuser First Choice Laser/Copy Paper (20Lb. and 88 Bright),155.52,71.28,25
"Eldon Stackable Tray, Side-Load, Legal, Smoke",155.38,52.8292,17
Avery 503,155.25,74.52,15
Xerox 1918,155.04,75.9696,4
Imation 30456 USB Flash Drive 8GB,154.56000000000003,8.55599999999999,23
"Master Caster Door Stop, Large Neon Orange",154.336,42.29680000000002,27
"Permanent Self-Adhesive File Folder Labels for Typewriters, 1 1/8 x 3 1/2, White",153.72,55.062,29
Self-Adhesive Address Labels for Typewriters by Universal,153.51,64.4011,23
"Message Book, Wirebound, Four 5 1/2"" X 4"" Forms/Pg., 200 Dupl. Sets/Book",152.144,54.07279999999998,18
"Master Big Foot Doorstop, Beige",152.064,42.76799999999999,30
Nu-Dell Oak Frame,151.656,35.457599999999985,16
Xerox 217,151.632,67.39200000000001,25
Southworth 100% Cotton The Best Paper,151.536,65.43599999999999,15
"Holmes Replacement Filter for HEPA Air Cleaner, Large Room",151.062,47.984399999999994,12
"Verbatim 25 GB 6x Blu-ray Single Layer Recordable Disc, 10/Pack",150.67000000000002,41.95579999999998,14
Xerox 205,150.336,69.4656,24
Acco 6 Outlet Guardian Standard Surge Suppressor,149.916,22.970999999999982,15
Xerox 1948,149.85000000000002,67.4325,15
"Eldon Expressions Wood and Plastic Desk Accessories, Oak",149.70000000000002,41.916000000000004,15
Sanford Liquid Accent Highlighters,149.632,48.63039999999999,24
Ultra Door Push Plate,149.264,37.414199999999994,34
KeyTronic KT400U2 - Keyboard - Black,148.03199999999998,24.67199999999999,15
Anker Astro Mini 3000mAh Ultra-Compact Portable Charger,147.926,-31.983999999999998,9
Xerox 1993,147.74400000000003,68.4288,24
Kensington 6 Outlet SmartSocket Surge Protector,147.528,-36.882000000000026,6
"Holmes Cool Mist Humidifier for the Whole House with 8-Gallon Output per Day, Extended Life Filter",147.26,48.75499999999998,9
"ACCOHIDE 3-Ring Binder, Blue, 1""",147.028,50.7164,44
"GBC Laser Imprintable Binding System Covers, Desert Sand",146.98100000000002,18.40829999999999,17
"#10- 4 1/8"" x 9 1/2"" Security-Tint Envelopes",146.688,64.86359999999999,21
Maxell 4.7GB DVD-RW 3/Pack,146.55599999999998,41.418,10
Xerox 1905,146.448,68.94720000000001,23
Tensor Brushed Steel Torchiere Floor Lamp,146.114,6.795999999999994,10
Newell 315,145.912,33.787,25
"Personal Folder Holder, Ebony",145.73000000000002,35.87199999999999,14
"DAX Cubicle Frames, 8-1/2 x 11",145.69,52.44840000000001,17
Xerox 220,145.15200000000002,60.912000000000006,25
Astroparche Fine Business Paper,144.672,65.04960000000001,29
Telescoping Adjustable Floor Lamp,143.928,-5.997000000000008,10
Xerox 203,143.85600000000002,62.985600000000005,24
"Wilson Jones Hanging View Binder, White, 1""",143.42,55.23799999999999,23
Avery Self-Adhesive Photo Pockets for Polaroid Photos,143.01000000000002,-2.179200000000007,41
Xerox 192,142.56,68.4288,22
Flexible Leather- Look Classic Collection Ring Binder,142.05,18.94000000000001,13
Ibico Recycled Grain-Textured Covers,141.614,3.454000000000015,8
Xerox 212,141.264,57.024,25
Xerox 23,141.264,63.7632,23
"Eberhard Faber 3 1/2"" Golf Pencils",139.872,28.272000000000006,20
"OIC Colored Binder Clips, Assorted Sizes",139.62,59.2848,44
"Advantus Push Pins, Aluminum Head",139.44,43.2264,24
Xerox 4200 Series MultiUse Premium Copy Paper (20Lb. and 84 Bright),139.392,52.272,30
Xerox 1903,138.736,65.5408,24
Xerox 1930,138.67200000000003,59.3568,24
Things To Do Today Pad,138.532,59.1696,26
50 Colored Long Pencils,138.176,32.918400000000005,14
"Eldon 200 Class Desk Accessories, Smoke",138.16,58.02720000000001,22
"Avery 3 1/2"" Diskette Storage Pages, 10/Pack",137.808,-14.407199999999984,27
Acco 3-Hole Punch,137.53199999999998,55.538399999999996,36
Xerox 2,137.37600000000003,53.135999999999996,25
GBC Binding covers,137.26999999999998,58.92249999999999,11
C-Line Cubicle Keepers Polyproplyene Holder With Velcro Backings,137.17000000000002,47.72570000000002,31
Avery 476,137.116,54.5986,37
Riverleaf Stik-Withit Designer Note Cubes,136.816,55.33,15
"Cardinal HOLDit! Binder Insert Strips,Extra Strips",136.728,4.3676999999999975,41
"Barricks Non-Folding Utility Table with Steel Legs, Laminate Tops",136.46400000000003,15.35219999999999,2
"GBC Clear Cover, 8-1/2 x 11, unpunched, 25 covers per pack",136.44,13.643999999999991,15
"C-Line Magnetic Cubicle Keepers, Clear Polypropylene",136.34400000000002,56.11840000000001,28
Xerox 1947,136.344,54.11899999999999,25
Stiletto Hand Letter Openers,136.32,-21.983999999999998,17
Memorex Froggy Flash Drive 4 GB,136.276,42.421400000000006,14
"Smead Round Labels, Adjustable",136.11200000000002,15.031999999999995,39
Avery Metallic Poly Binders,135.80100000000002,43.4334,31
"Eldon 200 Class Desk Accessories, Burgundy",135.64800000000002,44.58800000000001,25
Xerox 222,134.78400000000002,60.6528,22
Wilson Jones Impact Binders,134.68,23.724399999999996,42
Fellowes Presentation Covers for Comb Binding Machines,133.86,21.824999999999996,14
Xerox 1959,133.6,60.6544,21
Eldon 200 Class Desk Accessories,133.136,39.1872,22
OtterBox Defender Series Case - iPhone 5c,133.128,3.6979999999999933,5
"Adams Telephone Message Book W/Dividers/Space For Phone Numbers, 5 1/4""X8 1/2"", 300/Messages",132.888,60.9168,24
Hewlett-Packard 300S Scientific Calculator,131.1,60.30599999999998,10
"Acco Pressboard Covers with Storage Hooks, 14 7/8"" x 11"", Light Blue",131.097,18.41249999999999,45
Xerox 1977,130.928,61.455999999999996,20
Universal Premium White Copier/Laser Paper (20Lb. and 87 Bright),129.168,55.9728,24
Harmony HEPA Quiet Air Purifiers,128.7,37.44,12
OIC Binder Clips,128.164,60.144,38
Newell 325,128.03,29.735999999999994,34
PowerGen Dual USB Car Charger,127.87200000000001,52.34759999999999,14
Newell 347,127.54400000000001,30.302399999999984,32
Xerox 230,127.00800000000001,56.2464,21
KLD Oscar II Style Snap-on Ultra Thin Side Flip Synthetic Leather Cover Case for HTC One HTC M7,126.36000000000001,36.6444,13
"Wirebound Service Call Books, 5 1/2"" x 4""",125.84,60.4032,13
DAX Cubicle Frames - 8x10,125.786,20.772,26
"Manila Recycled Extra-Heavyweight Clasp Envelopes, 6"" x 9""",125.17200000000001,52.37460000000001,13
Dell Slim USB Multimedia Keyboard,125.0,30.0,5
"Ampad Phone Message Book, Recycled, 400 Message Capacity, 5 ¾” x 11”",124.8,56.16,20
Deflect-O Glasstique Clear Desk Accessories,124.74,37.03699999999999,17
Xerox 1928,124.608,49.104,26
"DXL Angle-View Binders with Locking Rings, Black",124.59200000000001,42.0498,26
"6"" Cubicle Wall Clock, Black",124.586,26.211599999999994,19
Panasonic KP-350BK Electric Pencil Sharpener with Auto Stop,124.488,26.280799999999992,4
Xerox 21,124.41600000000003,43.5456,24
Avery Hi-Liter Smear-Safe Highlighters,123.80799999999999,34.105599999999995,24
"BIC Brite Liner Highlighters, Chisel Tip",123.12000000000002,30.585599999999992,21
VariCap6 Expandable Binder,122.83000000000001,31.140000000000004,10
Xerox 1907,122.8,57.716,10
"Acco Four Pocket Poly Ring Binder with Label Holder, Smoke, 1""",122.18,7.449999999999989,28
Xerox 1995,121.82400000000001,47.6928,22
"Ink Jet Note and Greeting Cards, 8-1/2"" x 5-1/2"" Card Size",121.39200000000001,48.556799999999996,6
Avery 519,121.34599999999999,51.608599999999996,18
"Eldon Expressions Punched Metal & Wood Desk Accessories, Pewter & Cherry",121.296,21.705600000000008,13
Crayola Colored Pencils,120.704,32.79999999999999,40
Xerox 227,120.52800000000002,46.3968,22
Xerox 232,120.528,56.5056,19
"Wirebound Four 2-3/4 x 5 Forms per Page, 400 Sets per Book",119.97,47.601,22
Cardinal Slant-D Ring Binders,119.922,46.057,17
"Bush Saratoga Collection 5-Shelf Bookcase, Hanover Cherry, *Special Order",119.83299999999998,-12.688200000000002,1
DAX Clear Channel Poster Frame,119.55600000000001,27.702000000000005,10
Cyber Acoustics AC-202b Speech Recognition Stereo Headset,119.508,-20.5242,11
"Message Book, Phone, Wirebound Standard Line Memo, 2 3/4"" X 5""",119.21000000000001,52.007,19
"BIC Brite Liner Grip Highlighters, Assorted, 5/Pack",118.72000000000001,43.7144,29
Newell 314,118.296,17.855999999999987,24
"Wilson Jones 1"" Hanging DublLock Ring Binders",117.74400000000001,-8.553599999999996,46
"SlimView Poly Binder, 3/8""",117.586,5.6979999999999915,40
"Electrix Incandescent Magnifying Lamp, Black",117.28,-16.492499999999993,5
Strathmore Photo Frame Cards,116.96,53.80159999999999,16
Avery Hole Reinforcements,116.50100000000002,14.8274,32
"Avery Durable Plastic 1"" Binders",116.224,37.5004,34
"Wirebound Message Books, Four 2 3/4 x 5 Forms per Page, 200 Sets per Book",115.434,47.22299999999999,26
Avery Printable Repositionable Plastic Tabs,115.24000000000001,42.312000000000005,16
Longer-Life Soft White Bulbs,115.19200000000001,44.7216,44
Wilson Jones Active Use Binders,115.024,37.0552,21
Xerox 1949,114.54,43.42560000000001,28
Xerox 1971,113.848,47.93599999999999,28
Avery File Folder Labels,113.472,48.8448,44
DAX Solid Wood Frames,113.332,33.3157,13
Akro-Mils 12-Gallon Tote,113.202,21.548099999999984,13
Pressboard Hanging Data Binders for Unburst Sheets,112.668,-10.135200000000015,48
Xerox 213,111.45600000000002,50.803200000000004,18
"Eldon Image Series Desk Accessories, Burgundy",111.18799999999999,28.2568,31
"Dixon Prang Watercolor Pencils, 10-Color Set with Brush",110.75999999999999,42.8982,27
SpineVue Locking Slant-D Ring Binders by Cardinal,110.59400000000002,6.032400000000002,22
Avery Heavy-Duty EZD  Binder With Locking Rings,110.48400000000001,29.239199999999997,28
Self-Adhesive Removable Labels,110.25,52.919999999999995,35
Xerox 201,110.16000000000001,46.1376,19
"Eureka Recycled Copy Paper 8 1/2"" x 11"", Ream",110.16000000000001,46.137600000000006,19
Xerox 204,110.16,52.8768,17
Recycled Premium Regency Composition Covers,110.016,39.880799999999994,9
"Rediform Wirebound ""Phone Memo"" Message Book, 11 x 5-3/4",110.016,43.77719999999999,17
Avery 516,109.64999999999999,51.5355,15
"Wirebound Message Books, Two 4 1/4"" x 5"" Forms per Page",109.584,49.084500000000006,15
Xerox 1962,109.56800000000001,43.65599999999999,28
Dana Swing-Arm Lamps,108.936,-11.213999999999999,15
#10 Self-Seal White Envelopes,108.682,52.123,10
GBC Standard Plastic Binding Systems' Combs,108.644,5.023999999999978,30
"Wirebound Message Books, 2 7/8"" x 5"", 3 Forms per Page",108.416,44.98559999999999,17
"Eldon Expressions Desk Accessory, Wood Pencil Holder, Oak",108.08000000000001,6.7549999999999955,15
3M Hangers With Command Adhesive,108.04,36.00100000000001,33
Micro Innovations Wireless Classic Keyboard with Mouse,107.964,9.596799999999996,4
SanDisk Cruzer 16 GB USB Flash Drive,107.912,14.923999999999985,10
"Ampad Gold Fibre Wirebound Steno Books, 6"" x 9"", Gregg Ruled",106.72200000000001,47.187,25
Avery 518,106.47,49.14,35
HP Office Recycled Paper (20Lb. and 87 Bright),106.352,50.3438,19
"Array Parchment Paper, Assorted Colors",106.288,49.504000000000005,15
Belkin 7-Outlet SurgeMaster Home Series,106.172,2.794000000000006,10
Avery Hanging File Binders,105.84600000000002,21.886799999999994,26
Xerox 1900,105.28800000000001,44.08399999999999,26
Rosewill 107 Normal Keys USB Wired Standard Keyboard,105.144,0.808799999999998,9
Xerox 211,104.97600000000001,40.9536,19
Samsung Replacement EH64AVFWE Premium Headset,104.5,17.875,21
Memorex Micro Travel Drive 4 GB,103.88,37.418000000000006,11
Avery Personal Creations Heavyweight Cards,103.86,37.85119999999999,11
"Pressboard Covers with Storage Hooks, 9 1/2"" x 11"", Light Blue",102.619,-11.882200000000005,44
Boston 16765 Mini Stand Up Battery Pencil Sharpener,102.608,16.32400000000001,10
"TOPS 4 x 6 Fluorescent Color Memo Sheets, 500 Sheets per Pack",102.492,37.1059,13
Fellowes Black Plastic Comb Bindings,102.256,-4.4155999999999995,34
Acme Titanium Bonded Scissors,102.0,20.229999999999997,13
Hewlett-Packard Deskjet F4180 All-in-One Color Ink-jet - Printer / copier / scanner,101.994,-71.39579999999998,2
"Linden 12"" Wall Clock With Oak Frame",101.94,30.581999999999987,3
Xerox 1970,101.592,43.525200000000005,22
Zebra Zazzle Fluorescent Highlighters,100.92800000000001,20.67199999999999,20
Wilson Jones “Snap” Scratch Pad Binder Tool for Ring Binders,100.92,30.74,22
Cardinal Holdit Data Disk Pockets,100.464,38.72959999999999,16
Wilson Jones 14 Line Acrylic Coated Pressboard Data Binders,100.392,35.297399999999996,23
Prang Drawing Pencil Set,100.08,27.0772,39
Xerox Blank Computer Paper,99.9,46.953,5
"Avery Framed View Binder, EZD Ring (Locking), Navy, 1 1/2""",99.80000000000001,-0.6986000000000034,19
Pressboard Data Binders by Wilson Jones,99.324,22.908599999999996,27
Portfile Personal File Boxes,99.12,7.434,7
"Telephone Message Books with Fax/Mobile Section, 5 1/2"" x 3 3/16""",99.06,40.766999999999996,17
"GE 4 Foot Flourescent Tube, 40 Watt",98.86800000000001,42.2436,7
Xerox 1999,98.49600000000001,41.2128,17
Eldon Executive Woodline II Cherry Finish Desk Accessories,98.13600000000001,-78.5088,6
"Executive Impressions 14"" Contract Wall Clock with Quartz Movement",97.81200000000001,-1.778399999999987,8
Fiskars Home & Office Scissors,97.68,27.350400000000008,11
Xerox 1952,97.608,44.82000000000001,20
Xerox 228,97.20000000000002,46.656000000000006,15
Xerox 219,97.2,46.656000000000006,15
Avery 495,97.02,42.587999999999994,16
Newell 341,96.728,26.835599999999992,23
Wilson Jones Standard D-Ring Binders,96.646,26.919199999999996,26
Sabrent 4-Port USB 2.0 Hub,96.418,29.197000000000003,15
Dax Clear Box Frame,96.03,15.36479999999999,14
"Dixon My First Ticonderoga Pencil, #2",95.94,17.02349999999999,19
Xerox 224,95.90400000000002,38.6208,17
Xerox 210,95.90400000000002,35.2512,18
Xerox 1957,95.90400000000001,39.7224,17
Avery 51,95.75999999999999,41.327999999999996,16
Avery White Multi-Purpose Labels,95.616,41.832,20
Acme Elite Stainless Steel Scissors,95.076,21.0168,12
Newell 31,94.99000000000001,23.6236,24
"Adams Phone Message Book, Professional, 400 Message Capacity, 5 3/6” x 11”",94.92800000000001,43.1364,14
DIXON Ticonderoga Erasable Checking Pencils,94.86,26.784000000000002,20
Xerox 1923,94.856,39.2784,16
Storex DuraTech Recycled Plastic Frosted Binders,94.128,11.447999999999993,39
Acrylic Self-Standing Desk Frames,93.984,32.7342,37
Avery 513,93.62400000000001,34.4616,22
Eldon Expressions Mahogany Wood Desk Collection,93.6,23.400000000000006,15
"Tensor ""Hersey Kiss"" Styled Floor Lamp",93.528,2.0783999999999967,8
"Snap-A-Way Black Print Carbonless Speed Message, No Reply Area, Duplicate",93.248,31.4712,4
"Redi-Strip #10 Envelopes, 4 1/8 x 9 1/2",93.22,39.529999999999994,35
Newell 35,93.152,23.28799999999999,30
Presstex Flexible Ring Binders,92.82,24.57,30
Xerox 1987,92.48,45.315200000000004,16
Xerox 196,92.48,39.4196,18
OIC Bulk Pack Metal Binder Clips,92.13600000000001,35.598,30
Avery Binding System Hidden Tab Executive Style Index Sets,91.743,16.733,26
Acco Translucent Poly Ring Binders,91.728,16.286400000000004,31
Hoover Commercial Soft Guard Upright Vacuum And Disposable Filtration Bags,91.68599999999999,-10.4118,18
Akro Stacking Bins,91.524,-6.943200000000013,13
Penpower WorldCard Pro Card Scanner,91.475,-1.829499999999996,1
"Acco Pressboard Covers with Storage Hooks, 9 1/2"" x 11"", Executive Red",91.44,34.89959999999999,28
Avery 481,91.168,43.12,30
"Bush Westfield Collection Bookcases, Dark Cherry Finish, Fully Assembled",90.882,-190.85220000000004,3
Acme Preferred Stainless Steel Scissors,90.88,26.355199999999996,16
Fluorescent Highlighters by Dixon,90.744,22.447199999999995,26
Avery 48,90.72,39.69,15
Avery Durable Slant Ring Binders With Label Holder,90.706,12.456399999999997,36
Prang Colored Pencils,90.55199999999999,38.808,32
Xerox 1920,89.7,40.365,15
Xerox 1956,89.7,40.9032,16
"Avery Durable Slant Ring Binders, No Labels",89.55,13.611600000000001,36
Xerox 1967,89.424,38.88,15
"RSVP Cards & Envelopes, Blank White, 8-1/2"" X 11"", 24 Cards/25 Envelopes/Set",89.408,38.2524,19
Avery 480,89.25,42.449999999999996,24
Acme Design Stainless Steel Bent Scissors,88.92,24.0084,13
"Binney & Smith Crayola Metallic Colored Pencils, 8-Color Set",88.896,26.854,20
Avery 478,88.38,43.3062,18
Manco Dry-Lighter Erasable Highlighter,88.16,27.968,30
"TOPS Money Receipt Book, Consecutively Numbered in Red,",88.11,39.6495,11
AmazonBasics 3-Button USB Wired Mouse,88.074,32.293800000000005,14
"Bravo II Megaboss 12-Amp Hard Body Upright, Replacement Belts, 2 Belts per Pack",87.75,20.8325,29
Advantus Map Pennant Flags and Round Head Tacks,87.69,20.539999999999996,25
Cardinal Holdit Business Card Pockets,87.64800000000001,22.908,25
Advantus Panel Wall Acrylic Frame,87.52,25.162000000000003,20
Avery 508,87.398,39.8201,19
Avery Durable Binders,87.264,13.824,50
HP Office Paper (20Lb. and 87 Bright),86.84,38.2096,14
Newell 333,86.736,18.848399999999998,33
Xerox 1992,86.11200000000001,40.36500000000001,15
BIC Brite Liner Highlighters,86.112,30.8844,23
Boston 16701 Slimline Battery Pencil Sharpener,86.076,19.127999999999993,6
"C-Line Peel & Stick Add-On Filing Pockets, 8-3/4 x 5-1/8, 10/Pack",85.995,15.096900000000002,21
Prestige Round Ring Binders,85.72800000000001,18.057599999999994,21
Xerox 229,85.53600000000002,34.992000000000004,15
Xerox 1986,85.50399999999999,40.3472,13
"Acco Recycled 2"" Capacity Laser Printer Hanging Data Binders",85.25500000000001,8.669999999999996,10
Xerox 1932,85.056,28.70639999999999,3
Avery 487,84.87,35.9775,25
"Westinghouse Mesh Shade Clip-On Gooseneck Lamp, Black",84.84,22.058400000000006,6
Magna Visual Magnetic Picture Hangers,84.83200000000001,28.052400000000002,19
Xerox 1954,84.48,32.208,18
Avery 512,84.388,35.3736,32
Xerox 2000,84.24000000000001,37.0656,14
Xerox 200,84.24000000000001,33.696,15
"Hunt BOSTON Vista Battery-Operated Pencil Sharpener, Black",83.952,15.857600000000007,8
Belkin iPhone and iPad Lightning Cable,83.944,6.295799999999995,7
"Eureka Sanitaire  Multi-Pro Heavy-Duty Upright, Disposable Bags",83.90400000000001,12.7604,22
Southworth Parchment Paper & Envelopes,83.712,30.738,15
Avery 483,83.664,32.569199999999995,19
"Master Giant Foot Doorstop, Safety Yellow",83.49,31.5744,12
"Verbatim 25 GB 6x Blu-ray Single Layer Recordable Disc, 1/Pack",83.44000000000001,11.472999999999995,14
Newell Chalk Holder,83.426,36.5918,21
3M Organizer Strips,83.16000000000001,10.152000000000001,26
Avery Durable Poly Binders,82.95,-15.594600000000002,33
OIC Stacking Trays,82.832,26.720000000000006,30
Newell 351,82.656,22.10719999999999,26
Things To Do Today Spiral Book,82.36800000000001,29.858399999999996,13
Xerox 1902,82.22399999999999,32.889599999999994,4
Zipper Ring Binder Pockets,81.74400000000001,11.7312,44
"Premium Writing Pencils, Soft, #2 by Central Association for the Blind",81.652,19.4296,29
Acme Stainless Steel Office Snips,81.424,12.431700000000005,13
Newell 320,81.32000000000001,9.458800000000002,23
G.E. Longer-Life Indoor Recessed Floodlight Bulbs,81.00800000000001,25.763199999999998,16
"Adams Telephone Message Books, 5 1/4” x 11”",80.936,32.918,15
"Verbatim Slim CD and DVD Storage Cases, 50/Pack",80.78,16.156,8
"Quartet Omega Colored Chalk, 12/Pack",80.592,34.163999999999994,15
Tuff Stuff Recycled Round Ring Binders,80.494,23.9554,23
Xerox 221,80.35200000000002,33.1776,14
Newell 317,79.968,13.171199999999995,32
Eldon File Chest Portable File,79.4,5.955000000000005,5
QVS USB Car Charger 2-Port 2.1Amp for iPod/iPhone/iPad/iPad 2/iPad 3,79.22999999999999,29.537499999999998,13
Xerox 1946,79.05600000000001,35.251200000000004,13
Xerox 1966,79.05600000000001,32.7888,14
Xerox 231,79.05600000000001,31.8816,14
Avery 474,78.336,34.272,30
Sterilite Show Offs Storage Containers,78.144,-6.336,16
Avery Poly Binder Pockets,78.04400000000001,14.749599999999996,34
Fashion Color Clasp Envelopes,77.904,36.5175,15
Bulldog Table or Wall-Mount Pencil Sharpener,77.87,22.582299999999996,13
Xerox 193,77.74000000000001,38.092600000000004,13
Plymouth Boxed Rubber Bands by Plymouth,77.244,-3.2969999999999997,18
Xerox 1963,77.088,27.72,17
"Memo Book, 100 Message Capacity, 5 3/8” x 11”",76.836,36.396,12
Acme Value Line Scissors,76.64999999999999,20.439999999999994,22
Xerox 1994,76.46400000000001,32.6592,13
"Geographics Note Cards, Blank, White, 8 1/2"" x 11""",76.092,29.5416,8
Newell 328,75.92,19.739199999999997,13
Xerox 198,75.69600000000001,33.46560000000001,16
Rogers Handheld Barrel Pencil Sharpener,75.62400000000001,15.618000000000007,30
"SmartStand Mobile Device Holder, Assorted Colors",75.492,10.065600000000002,13
Fiskars Spring-Action Scissors,75.492,13.4208,6
"Eldon 200 Class Desk Accessories, Black",75.36,28.6368,12
"Dixon Ticonderoga Erasable Colored Pencil Set, 12-Color",75.34800000000001,20.092799999999997,14
Newell 331,75.306,14.6211,17
Xerox 22,75.168,31.3632,13
KeyTronic KT800P2 - Keyboard - Black,75.1,1.2015999999999982,6
Tops Wirebound Message Log Books,73.696,29.281,25
"Sanford Colorific Colored Pencils, 12/Box",73.152,20.735999999999997,26
XtraLife ClearVue Slant-D Ring Binders by Cardinal,72.91199999999999,-13.327999999999996,22
"Adams ""While You Were Out"" Message Pads",72.848,31.4,24
"Universal Recycled Hanging Pressboard Report Binders, Letter Size",72.806,8.637999999999995,20
Southworth Structures Collection,72.8,36.4,10
Stacking Trays by OIC,72.708,9.312599999999996,19
"Wirebound Message Books, 5-1/2 x 4 Forms, 2 or 4 Forms per Page",72.25200000000001,31.309200000000004,12
Ibico Presentation Index for Binding Systems,72.038,15.084199999999997,27
"Vtech AT&T CL2940 Corded Speakerphone, Black",71.976,24.2919,3
GBC Instant Index System for Binding Systems,71.92800000000001,-12.432,19
#6 3/4 Gummed Flap White Envelopes,71.28,24.947999999999993,9
Smead Alpha-Z Color-Coded Name Labels First Letter Starter Set,71.25,32.25,20
Xerox 1981,70.752,30.096,14
"TOPS ""Important Message"" Pads, Canary, 4-1/4 x 5-1/2, 50 Sheets per Pad",70.19200000000001,31.629199999999997,17
Xerox 1975,69.98400000000001,30.3264,12
Recycled Pressboard Report Cover with Reinforced Top Hinge,69.768,13.759800000000006,34
Stockwell Push Pins,69.76,20.0996,34
Xerox 1899,69.36,28.0908,14
Woodgrain Magazine Files by Perma,69.136,2.622399999999992,24
GBC Plasticlear Binding Covers,68.88000000000001,-68.42080000000001,23
Avery 52,68.634,31.4757,19
Newell 336,68.48,13.781599999999994,18
"Recycled Interoffice Envelopes with Re-Use-A-Seal Closure, 10 x 13",68.28,23.0445,5
Avoid Verbal Orders Carbonless Minifold Book,68.276,29.946799999999993,21
Avery Non-Stick Heavy Duty View Round Locking Ring Binders,68.17200000000001,30.8568,12
Poly String Tie Envelopes,68.136,30.293999999999993,35
Barrel Sharpener,67.83,17.6358,19
Xerox 1897,67.72800000000001,27.091200000000008,16
"Acco PRESSTEX Data Binder with Storage Hooks, Light Blue, 9 1/2"" X 11""",67.25,19.6908,17
Acco Hot Clips Clips to Go,67.116,25.497500000000002,23
Newell 332,67.032,15.523200000000001,24
Avery 49,66.816,31.564799999999998,24
Wilson Jones data.warehouse D-Ring Binders with DublLock,66.663,15.3078,12
Insertable Tab Post Binder Dividers,66.566,-39.69900000000001,25
"Executive Impressions 8-1/2"" Career Panel/Partition Cubicle Clock",66.56,18.511999999999997,7
Avery 501,66.42,23.394599999999997,22
GBC ProClick Spines for 32-Hole Punch,66.40899999999999,-13.281800000000008,12
Avery 506,66.08,28.1666,17
"Acco Clips to Go Binder Clips, 24 Clips in Two Sizes",66.03,30.2815,19
Newell 348,65.6,9.708799999999991,24
Newell 321,65.6,14.366399999999992,22
Pastel Pink Envelopes,65.52,31.4496,9
Avery Fluorescent Highlighter Four-Color Set,65.464,9.351999999999993,24
Cush Cases Heavy Duty Rugged Cover Case for Samsung Galaxy S5 - Purple,65.34,3.9105,17
Stackable Trays,65.296,17.124799999999993,23
Newell 343,65.268,13.7592,24
ACCOHIDE Binder by Acco,65.254,19.287100000000002,21
Xerox 1927,65.05600000000001,22.68399999999999,18
Belkin Grip Candy Sheer Case / Cover for iPhone 5 and 5S,64.972,12.994399999999999,8
"Black Print Carbonless 8 1/2"" x 8 1/4"" Rapid Memo Book",64.06400000000001,20.82079999999999,11
Advantus T-Pin Paper Clips,64.042,20.0244,16
Ultra Commercial Grade Dual Valve Door Closer,63.824000000000005,9.573599999999994,2
"Acco Pressboard Covers with Storage Hooks, 14 7/8"" x 11"", Executive Red",63.62700000000001,-13.906500000000007,37
Shocksock Galaxy S4 Armband,63.51,-10.074000000000009,7
"Acco PRESSTEX Data Binder with Storage Hooks, Dark Blue, 9 1/2"" X 11""",62.946,-0.1613999999999951,23
Peel & Seel Envelopes,62.856,26.539199999999997,18
G.E. Halogen Desk Lamp Bulbs,62.82,22.8944,11
Avery 515,62.650000000000006,29.445499999999996,5
"Post-it “Important Message” Note Pad, Neon Colors, 50 Sheets/Pad",62.608000000000004,28.537600000000005,9
Newell 350,62.32,15.743999999999991,20
Park Ridge Embossed Executive Business Envelopes,62.28,29.2716,4
Wilson Jones Four-Pocket Poly Binders,62.13,5.428200000000004,17
Hoover Portapower Portable Vacuum,61.824000000000005,1.3439999999999985,18
Newell 318,61.716,14.400399999999998,23
Anker 24W Portable Micro USB Car Charger,61.544,14.0672,8
Newell 311,61.438,13.039,30
Xerox 206,60.912000000000006,23.846400000000003,11
Xerox 1924,60.11200000000001,24.738400000000002,12
Spiral Phone Message Books with Labels by Adams,60.032000000000004,25.76,15
NETGEAR RangeMax WNR1000 Wireless Router,59.976,11.995199999999995,3
"Acco Pressboard Covers with Storage Hooks, 14 7/8"" x 11"", Dark Blue",59.817,13.182600000000004,24
Newell 330,59.800000000000004,11.122800000000002,11
"Crayola Anti Dust Chalk, 12/Pack",59.696000000000005,24.660999999999998,35
"Master Caster Door Stop, Large Brown",59.696,14.559999999999999,10
"Boston 1827 Commercial Additional Cutter, Drive Gear & Gear Rack for 1606",59.489999999999995,17.846999999999994,3
"Executive Impressions 16-1/2"" Circular Wall Clock",58.784,-1.0687999999999924,4
Ideal Clamps,58.69199999999999,24.863699999999998,33
Convenience Packs of Business Envelopes,58.644000000000005,24.1092,18
Avery 500,58.48,27.4856,8
Rubber Band Ball,58.344,-0.299199999999997,16
Xerox 223,58.32000000000001,27.9936,9
Xerox 1974,57.408,26.91,10
Binder Posts,57.4,7.806399999999999,16
Xerox 199,57.352000000000004,19.68799999999999,16
Avery 511,56.672000000000004,24.64,20
Avery 494,56.376000000000005,23.959799999999998,23
Xerox 1965,56.212,25.714000000000002,10
"SKILCRAFT Telephone Shoulder Rest, 2"" x 6.5"" x 2.5"", Black",56.164,13.006400000000003,8
"Executive Impressions 13-1/2"" Indoor/Outdoor Wall Clock",56.099999999999994,21.317999999999998,3
"Hoover Replacement Belts For Soft Guard & Commercial Ltweight Upright Vacs, 2/Pk",56.09,3.4760000000000026,18
Avery 493,55.974000000000004,23.420699999999997,13
Xerox 1921,55.944,17.482499999999998,7
GBC Standard Plastic Binding Systems Combs,55.754999999999995,-2.9204999999999988,13
Advantus Push Pins,54.93600000000001,20.208600000000004,27
Array Memo Cubes,54.908,25.8482,11
"Important Message Pads, 50 4-1/4 x 5-1/2 Forms per Pad",54.6,22.47,15
Imation Swivel Flash Drive USB flash drive - 8 GB,54.57599999999999,17.6235,5
"Mead 1st Gear 2"" Zipper Binder, Asst. Colors",54.474000000000004,-3.8909999999999982,9
Xerox 208,54.432,24.105600000000003,9
Ampad #10 Peel & Seel Holiday Envelopes,53.760000000000005,25.804800000000004,12
Avery 492,53.568,22.463999999999995,20
"Eldon Imàge Series Desk Accessories, Clear",53.46,6.366600000000005,17
GBC VeloBinder Strips,52.992,-23.807999999999993,20
EcoTones Memo Sheets,52.8,21.6,15
Anderson Hickey Conga Table Tops & Accessories,51.782,-17.514500000000005,5
Colorific Watercolor Pencils,51.6,11.300399999999996,11
Avery Durable Slant Ring Binders,51.48000000000001,-23.759999999999994,19
Wilson Jones Easy Flow II Sheet Lifters,51.480000000000004,5.615999999999998,49
"Message Book, Standard Line ""While You Were Out"", 5 1/2"" X 4"", 200 Sets/Book",51.36,24.139200000000002,6
Newell 3-Hole Punched Plastic Slotted Magazine Holders for Binders,51.184000000000005,3.655999999999998,20
"Telephone Message Books with Fax/Mobile Section, 4 1/4"" x 6""",51.120000000000005,21.959999999999997,15
Avery 488,51.03,23.184,17
Colored Envelopes,50.922,19.040399999999998,16
"Eldon Spacemaker Box, Quick-Snap Lid, Clear",50.768,9.285199999999994,18
"Commercial WindTunnel Clean Air Upright Vacuum, Replacement Belts, Filtration Bags",50.57,1.6338000000000008,17
Avery 496,50.25,22.95,14
Wausau Papers Astrobrights Colored Envelopes,50.232000000000006,22.783800000000003,9
"While You Were Out Pads, 50 per Pad, 4 x 5 1/4, Green Cycle",50.138000000000005,18.778100000000002,13
"1/4 Fold Party Design Invitations & White Envelopes, 24 8-1/2"" X 11"" Cards, 25 Env./Pack",49.980000000000004,22.7115,7
Xerox 1896,49.95,22.4775,5
Xerox 1950,49.708,23.1778,9
"TOPS Voice Message Log Book, Flash Format",49.504,20.372799999999998,12
Xerox 218,49.248000000000005,22.291200000000003,8
Blackstonian Pencils,49.128,12.6024,19
American Pencil,48.93,14.189699999999995,21
Eldon Image Series Black Desk Accessories,48.852,17.0568,12
Smead Alpha-Z Color-Coded Second Alphabetical Labels and Starter Set,48.048,22.4224,16
Revere Boxed Rubber Bands by Revere,48.006,-5.707799999999999,29
Newell 33,47.988,8.369999999999992,10
Avery 514,47.808,22.8384,17
"Master Caster Door Stop, Gray",47.752,14.224,10
"Holmes Visible Mist Ultrasonic Humidifier with 2.3-Gallon Output per Day, Replacement Filter",47.544000000000004,10.187999999999999,5
Newell 32,47.232,11.9808,17
"Sanford Colorific Scented Colored Pencils, 12/Pack",47.080000000000005,14.5948,11
Xerox 1953,47.08,18.831999999999994,12
Newell 316,46.944,8.215200000000003,11
Xerox 1998,46.65600000000001,16.3296,9
Avery 520,46.62,22.05,15
"Stacking Tray, Side-Loading, Legal, Smoke",46.592000000000006,-2.8672000000000057,16
Xerox 1972,46.464,17.424,10
Advantus SlideClip Paper Clips,46.376000000000005,19.778,15
Decoflex Hanging Personal Folder File,46.26,12.0276,3
"Sanford Colorific Eraseable Coloring Pencils, 12 Count",45.919999999999995,17.876,15
Newell 344,45.592,8.5624,18
"Black Avery Memo-Size 3-Ring Binder, 5 1/2"" x 8 1/2""",45.508,15.5608,16
Avery 491,45.43,18.6676,12
"GE General Purpose, Extra Long Life, Showcase & Floodlight Incandescent Bulbs",45.396,14.549999999999999,20
Xerox 215,45.36,21.7728,7
"Binney & Smith inkTank Desk Highlighter, Chisel Tip, Yellow, 12/Box",45.15,13.458999999999996,22
"Acme Design Line 8"" Stainless Steel Bent Scissors w/Champagne Handles, 3-1/8"" Cut",45.144,10.1916,7
Document Clip Frames,45.036,16.012800000000002,6
DIXON Oriole Pencils,44.891999999999996,8.6172,19
Permanent Self-Adhesive File Folder Labels for Typewriters by Universal,44.37,19.000799999999998,18
Avery 517,44.28,18.855900000000002,13
Acme Kleen Earth Office Shears,44.232,11.174399999999995,12
Kingston Digital DataTraveler 8GB USB 2.0,44.03000000000001,-2.0229999999999997,9
Accohide Poly Flexible Ring Binders,43.75800000000001,-19.821999999999996,34
Boston 16750 Black Compact Battery Pencil Sharpener,43.75,13.124999999999996,5
Disposable Triple-Filter Dust Bags,43.7,11.362000000000002,10
Acme Rosewood Handle Letter Opener,43.67,-3.493600000000002,12
Nontoxic Chalk,42.944,18.2336,27
Newell 349,42.64,10.036799999999994,14
Imation USB 2.0 Swivel Flash Drive USB flash drive - 4 GB - Pink,42.42,8.908199999999997,14
Acco Hanging Data Binders,41.910000000000004,8.229600000000001,17
Texas Instrument TI-15 Fraction Calculator,41.90500000000001,-20.519000000000002,8
Acco Side-Punched Conventional Columnar Pads,41.64,-7.8075000000000045,15
Wilson Jones Custom Binder Spines & Labels,41.34400000000001,-19.6928,22
"#10 Gummed Flap White Envelopes, 100/Box",41.3,16.7678,11
"Adams Write n' Stick Phone Message Book, 11"" X 5 1/4"", 200 Messages",40.896,16.358399999999996,8
"Acco Banker's Clasps, 5 3/4""-Long",40.896,18.0,15
Cardinal Poly Pocket Divider Pockets for Ring Binders,40.32,12.599999999999998,15
Xerox 207,40.176,16.5888,7
Newell 327,39.78,10.7406,18
"Eldon Regeneration Recycled Desk Accessories, Black",39.688,13.116399999999999,9
Angle-D Ring Binders,39.384,-1.9692000000000038,14
Prang Dustless Chalk Sticks,38.976,18.816,24
Acco Expandable Hanging Binders,38.918,1.0208000000000013,11
Newell 310,38.72,7.479999999999999,25
Acco Suede Grain Vinyl Round Ring Binder,38.641999999999996,-4.8927999999999985,29
Cardinal Hold-It CD Pocket,38.304,-12.4488,12
Acco 6 Outlet Guardian Basic Surge Suppressor,38.272,-3.660800000000002,7
"Chromcraft Training Table, Adjustable Height",38.14399999999999,-87.736,1
"Ampad Poly Cover Wirebound Steno Book, 6"" x 9"" Assorted Colors, Gregg Ruled",38.136,15.662999999999998,9
Peel & Stick Add-On Corner Pockets,38.016000000000005,4.319999999999998,30
Southworth 25% Cotton Granite Paper & Envelopes,37.932,13.2108,7
Col-Erase Pencils with Erasers,37.696,7.478399999999995,7
Dixon Ticonderoga Pencils,37.548,9.267800000000003,13
Turquoise Lead Holder with Pocket Clip,37.52,10.585999999999997,6
Eldon Pizzaz Desk Accessories,37.464,13.7368,19
Durable Pressboard Binders,37.239999999999995,15.086,11
Faber Castell Col-Erase Pencils,37.164,14.083200000000001,8
Xerox 1990,36.96,13.727999999999998,8
Avery Round Ring Poly Binders,36.919999999999995,12.2972,17
Eldon Jumbo ProFile Portable File Boxes Graphite/Black,36.744,3.674400000000004,3
Letter or Legal Size Expandable Poly String Tie Envelopes,36.708,15.002400000000002,16
Newell 326,36.608,7.867199999999999,23
Eldon 100 Class Desk Accessories,36.396,-4.8528,18
Xerox 1976,36.28800000000001,12.700800000000001,7
Contemporary Borderless Frame,36.162,3.616199999999999,6
Binder Clips by OIC,36.112,15.332799999999999,27
"Wirebound Message Forms, Four 2 3/4 x 5 Forms per Page, Pink Paper",35.948,14.2975,5
Regeneration Desk Collection,35.904,15.206400000000002,21
Wilson Jones DublLock D-Ring Binders,35.775,15.525,6
Plastic Stacking Crates & Casters,35.712,2.6784,8
Acme Kleencut Forged Steel Scissors,35.587999999999994,7.461999999999996,7
Avery 498,35.258,15.3459,13
Xerox 1926,34.86,16.3842,7
Economy #2 Pencils,34.58,8.9908,13
Newell 335,34.56,10.022400000000001,12
Assorted Color Push Pins,34.39,8.9233,21
Xerox 1980,34.24,15.407999999999996,8
"Eldon Regeneration Recycled Desk Accessories, Smoke",33.756,8.9088,21
"Super Bands, 12/Pack",33.480000000000004,-2.603999999999999,20
"Pressboard Data Binder, Crimson, 12"" X 8 1/2""",33.108000000000004,7.155599999999998,9
Hammermill CopyPlus Copy Paper (20Lb. and 84 Bright),32.868,15.089400000000001,7
Wilson Jones Hanging Recycled Pressboard Data Binders,32.648,1.7807999999999993,4
Xerox 1958,32.400000000000006,15.552000000000001,5
Avery 509,32.364,14.0418,13
Avery Hidden Tab Dividers for Binding Systems,31.587999999999997,-7.032800000000002,24
Newell 346,31.104,8.6112,11
"OIC #2 Pencils, Medium Soft",30.832,8.140399999999998,17
"Sanford Uni-Blazer View Highlighters, Chisel Tip, Yellow",30.8,13.552000000000001,14
Newell 322,30.576,6.661200000000001,18
Hammermill Color Copier Paper (28Lb. and 96 Bright),29.97,13.4865,3
Economy Binders,29.952,9.7968,19
Round Ring Binders,29.952,-0.9152000000000009,28
Plantronics Single Ear Headset,29.925,-21.944999999999997,5
Xerox 1983,29.900000000000002,14.651,5
Xerox 190,29.88,14.0436,6
Jiffy Padded Mailers with Self-Seal Closure,29.808,10.805399999999995,2
"Alliance Big Bands Rubber Bands, 12/Pack",29.7,0.0,15
"Eldon 300 Class Desk Accessories, Black",29.7,13.068000000000003,6
"Sanford EarthWrite Recycled Pencils, Medium Soft, #2",29.4,8.232000000000001,14
Pencil and Crayon Sharpener,29.346,3.7667999999999986,16
Rediform Voice Mail Log Books,29.204,12.1584,11
UniKeep View Case Binders,28.851,-5.476800000000004,13
Avery Reinforcements for Hole-Punch Pages,28.512,-16.137,41
Newell 313,28.208,4.264000000000001,10
"Ampad Evidence Wirebond Steno Books, 6"" x 9""",27.468,11.292399999999999,14
Sony 8GB Class 10 Micro SDHC R40 Memory Card,27.192,0.3398999999999965,3
SanDisk Cruzer 8 GB USB Flash Drive,27.168000000000003,-1.3583999999999987,4
Newell 339,26.688000000000002,6.116,10
Self-Adhesive Address Labels for Typewriters with Dispenser Box,26.568,8.9667,9
"Avery Hi-Liter GlideStik Fluorescent Highlighter, Yellow Ink",26.08,9.6496,9
Avery Binder Labels,26.063000000000002,9.8806,8
"Binney & Smith inkTank Erasable Pocket Highlighter, Chisel Tip, Yellow",25.992,10.6704,12
SanDisk Cruzer 4 GB USB Flash Drive,25.96,5.5165,5
Xerox 1985,25.920000000000005,9.072,5
Newell 340,25.92,7.5168,9
"Avery Triangle Shaped Sheet Lifters, Black, 2/Pack",25.830000000000002,-4.92,25
Bagged Rubber Bands,25.704,0.3024,21
"""While you Were Out"" Message Book, One Form per Page",25.228,10.387999999999998,8
Colored Push Pins,24.978,7.602,15
Translucent Push Pins by OIC,24.552,5.840999999999998,15
Newell 329,24.272,4.854399999999998,8
BIC Brite Liner Grip Highlighters,24.272,8.937999999999999,17
Avery 507,24.192,8.639999999999997,10
Avery 497,24.024,11.2112,8
Serrated Blade or Curved Handle Hand Letter Openers,23.864000000000004,-4.1133999999999995,9
Newell 338,23.52,6.3504000000000005,8
"Dixon Ticonderoga Maple Cedar Pencil, #2",23.332,4.912000000000001,8
Self-Adhesive Ring Binder Labels,22.88,2.3583999999999987,11
Sanford Pocket Accent Highlighters,22.4,9.632000000000001,14
Avery 510,21.75,8.1,7
Newell 323,21.168,3.7632000000000008,14
"Avery 05222 Permanent Self-Adhesive File Folder Labels for Typewriters, on Rolls, White, 250/Roll",20.65,9.498999999999999,5
Avery Hi-Liter Fluorescent Desk Style Markers,20.279999999999998,7.5036000000000005,6
Rediform S.O.S. Phone Message Books,19.92,9.7608,4
Sterling Rubber Bands by Alliance,19.782,-3.768,5
Nu-Dell EZ-Mount Plastic Wall Frames,19.700000000000003,0.7879999999999998,8
Acco Glide Clips,19.6,9.604,5
Newell 307,19.292,3.5672000000000006,12
Maxell 4.7GB DVD-R 5/Pack,19.008,7.365600000000002,21
Unpadded Memo Slips,18.308,8.358,5
Loose Memo Sheets,18.25,8.5775,5
12 Colored Short Pencils,18.200000000000003,3.016000000000002,8
Hoover Commercial Lightweight Upright Vacuum,18.096,-2.505600000000002,8
"Stride Job 150 Highlighters, Chisel Tip, Assorted Colors",17.94,6.4584,3
Avery 502,17.64,6.1739999999999995,7
"Binney & Smith inkTank Erasable Desk Highlighter, Chisel Tip, Yellow, 12/Box",17.64,5.745600000000001,8
Insertable Tab Indexes For Data Binders,17.49,-4.833600000000003,13
Xerox 1901,16.896,5.279999999999999,4
Avery 479,16.704,6.8382,7
Wilson Jones Suede Grain Vinyl Binders,16.401999999999997,5.0596,8
"Binney & Smith Crayola Metallic Crayons, 16-Color Pack",16.176000000000002,6.740000000000002,5
Maxell CD-R Discs,15.76,3.703599999999999,9
"OIC Binder Clips, Mini, 1/4"" Capacity, Black",15.624,7.0804,13
"Universal Ultra Bright White Copier/Laser Paper, 8 1/2"" x 11"", Ream",15.552000000000003,5.6376,3
"Quartet Alpha White Chalk, 12/Pack",15.469999999999999,6.099600000000001,8
Wirebound Voice Message Log Book,15.232,4.950399999999998,4
Boston 1900 Electric Pencil Sharpener,14.98,4.494,1
Color-Coded Legal Exhibit Labels,14.73,7.2177,3
SANFORD Liquid Accent Tank-Style Highlighters,14.2,4.401999999999999,5
Acme Serrated Blade Letter Opener,13.992,-1.7489999999999999,5
Sannysis Cute Owl Design Soft Skin Case Cover for Samsung Galaxy S4,13.86,2.2968,8
Design Ebony Sketching Pencil,13.621999999999998,2.3073999999999995,11
Memorex Mini Travel Drive 4 GB USB 2.0 Flash Drive,13.616,3.574200000000001,2
Alliance Rubber Bands,13.440000000000001,0.5375999999999993,8
"Brites Rubber Bands, 1 1/2 oz. Box",13.068000000000001,-0.5147999999999996,7
"Sanitaire Vibra Groomer IR Commercial Upright Vacuum, Replacement Belts",13.0,1.3000000000000007,5
OIC Thumb-Tacks,12.996,5.1414,13
Xerox 1984,12.96,6.3504000000000005,2
Xerox 1922,11.952000000000002,4.3326,3
Maxell 4.7GB DVD+R 5/Pack,11.682,4.6035,13
Xerox 1969,11.56,5.6644000000000005,2
Avery 482,11.56,5.4332,4
Acco Economy Flexible Poly Round Ring Binder,11.484,-5.742,6
Computer Printout Index Tabs,11.088,-2.016000000000003,15
Storex Flexible Poly Binders with Double Pockets,10.824000000000002,-2.0064,9
Newell 337,10.496,1.1807999999999983,4
Letter Slitter,10.08,0.3024000000000004,4
Newell 342,9.84,2.853599999999999,3
Hoover Replacement Belt for Commercial Guardsman Heavy-Duty Upright Vacuum,9.768,0.44399999999999906,6
PNY Rapid USB Car Charger - Black,9.588,-2.0774,2
Kleencut Forged Office Shears by Acme United Corporation,9.568000000000001,2.288,5
Avery 484,9.216,3.3408,4
Newell 308,8.4,2.0999999999999996,5
Stockwell Gold Paper Clips,8.096,3.404,5
4009 Highlighters,8.040000000000001,2.7336,6
Xerox 1989,7.968000000000001,2.6892000000000005,2
"Avery Hi-Liter Comfort Grip Fluorescent Highlighter, Yellow Ink",7.8,3.042,4
Avery Hi-Liter Pen Style Six-Color Fluorescent Set,7.7,3.157,2
Grip Seal Envelopes,7.072,2.3868,2
Xerox 20,6.48,3.1104000000000003,1
Avery 5,5.76,2.8224,2
Eureka Disposable Bags for Sanitaire Vibra Groomer I Upright Vac,1.6239999999999994,-4.466,2
